Scientific Name,Common Name,Family,Growth Habit,Duration,Bloom Time,Bloom Color,Water Use,Light Requirement,Drought Tolerance,Larval Host Count,Photo Count,LBJ URL,Source Rows
Abutilon fruticosum,"Indian Mallow, Texas Indian Mallow",Malvaceae,Subshrub,Perennial,"Jun , Jul , Aug , Sep , Oct","Orange , Yellow",Low,Sun,,1,6,https://www.wildflower.org/plants/result.php?id_plant=ABFR3,224
Acer grandidentatum,"Bigtooth Maple, Big-toothed Maple, Uvalde Bigtooth Maple, Southwestern Bigtooth Maple, Canyon Maple, Sabinal Maple, Western Sugar Maple",Not listed in spreadsheet,Tree,Perennial,"Mar , Apr","Yellow , Green",Medium,Sun,,0,6,https://www.wildflower.org/plants/result.php?id_plant=ACGR3,243
Acer negundo,Box Elder,Sapindaceae,Tree,Perennial,"Mar , Apr","Yellow , Green , Brown",Medium,Sun,High,1,7,https://www.wildflower.org/plants/result.php?id_plant=ACNE2,244
Achillea millefolium,"Common Yarrow, Western Yarrow, Yarrow, Milfoil",Not listed in spreadsheet,Herb,Perennial,"Apr , May , Jun , Jul , Aug , Sep","White , Pink",Medium,"Sun , Part Shade",High,0,6,https://www.wildflower.org/plants/result.php?id_plant=ACMI2,33
Acleisanthes obtusa,Berlandier's Trumpet,Not listed in spreadsheet,Vine,Perennial,"Apr , May , Jun , Jul , Aug , Sep , Oct , Nov","White , Pink",Low,"Sun , Part Shade",Medium,0,4,https://www.wildflower.org/plants/result.php?id_plant=ACOB2,294
Acmella oppositifolia var. repens,Spotflower,Not listed in spreadsheet,Herb,Perennial,"Jul , Aug , Sep , Oct , Nov","Orange , Yellow , Green",Medium,Sun,,0,6,https://www.wildflower.org/plants/result.php?id_plant=ACOPR,34
Acourtia runcinata,"Featherleaf Desertpeony, Peonia",Asteraceae,Herb,Perennial,"Jan , Feb , Mar , Apr , May , Jun , Jul , Aug , Sep , Oct , Nov , Dec","Pink , Purple",Low,Sun,,0,6,https://www.wildflower.org/plants/result.php?id_plant=ACRU3,35
Acourtia wrightii,"Brownfoot, Pink Perezia",Not listed in spreadsheet,Herb,Perennial,"Mar , Apr , May , Jun , Jul , Aug , Sep , Oct , Nov","White , Pink",Low,Part Shade,,0,6,https://www.wildflower.org/plants/result.php?id_plant=ACWR5,36
Adiantum pedatum,Maidenhair Fern,Not listed in spreadsheet,Fern,Perennial,May–July,Not Applicable,Medium,"Part Shade , Shade",Low,0,6,https://www.wildflower.org/plants/result.php?id_plant=ADPE,2
Aesculus glabra,"Ohio Buckeye, Texas Buckeye, Fetid Buckeye, Horse Chestnut",Not listed in spreadsheet,Tree,Perennial,"Mar , Apr , May","Yellow , Green , Brown",Medium,"Sun , Part Shade , Shade",,0,6,https://www.wildflower.org/plants/result.php?id_plant=AEGL,245
Aesculus pavia,"Red Buckeye, Scarlet Buckeye, Firecracker Plant",Sapindaceae,Tree,"Perennial Habit: Shrub , Tree Root Type: Tap Leaf Retention: Deciduous Leaf Arrangement: Opposite Leaf Complexity: Palmate Leaf Shape: Elliptic Leaf Venation: Pinnate Leaf Pubescence: Glabrous , Tomentose Leaf Margin: Crenate , Serrate Leaf Apex: Acuminate Breeding System: Flowers Unisexual , Monoecious Inflorescence: Thyrse Fruit Type: Capsule , Caryopsis Size Notes: 10-40 feet, Texas specimens usually on the short end of that range, with those in central Texas commonly no more than 15 feet. Leaf: Opposite , palmately compound , with 5, rarely 7, leaflets; leaflets elliptic to ovate , pointed at the tip, tapering to the base, toothed , green and smooth on the upper surface, paler and finely hairy on the lower surface, up to 6 inches long, up to 3 inches wide. Flower: Numerous, red, in large, loosely-flowered clusters nearly 1 foot long. Fruit: Capsules spherical, up to 2 inches across, light brown, not prickly, containing 1 or 2 light reddish brown seeds.","Mar , Apr , May","Red , Yellow","Medium , High",Part Shade,Medium,0,6,https://www.wildflower.org/plants/result.php?id_plant=AEPA,246
Agave americana,Blue Agave (Century Plant),Not listed in spreadsheet,Succulent,Perennial,"Jun , Jul",Yellow,Low,Sun,,0,6,https://www.wildflower.org/plants/result.php?id_plant=AGAM,233
Ageratina havanensis,"Shrubby Boneset, White Mistflower, White Shrub Mistflower, Havana Snakeroot",Asteraceae,Shrub,Perennial,"Apr , May , Jun , Jul , Sep , Oct , Nov , Dec","White , Pink",Low,"Sun , Part Shade",,1,6,https://www.wildflower.org/plants/result.php?id_plant=AGHA4,176
Aloysia gratissima,"Whitebrush, Bee-brush, White-brush, Common Bee-brush, Beebrush, Privet Lippia",Verbenaceae,Shrub,Perennial,"Mar , Apr , May , Jun , Jul , Aug , Sep , Oct , Nov",White,Medium,"Sun , Part Shade",,0,6,https://www.wildflower.org/plants/result.php?id_plant=ALGR2,177
Amorpha canescens,Leadplant,Not listed in spreadsheet,Shrub,Perennial,"Jun , Jul","Blue , Purple",Low,"Sun , Part Shade",,0,6,https://www.wildflower.org/plants/result.php?id_plant=AMCA6,178
Amorpha fruticosa,"Indigo Bush, False Indigo Bush, False Indigo, Desert False Indigo",Not listed in spreadsheet,Shrub,Perennial,"Apr , May , Jun","Orange , Blue , Purple , Violet",Low,"Sun , Part Shade",,9,11,https://www.wildflower.org/plants/result.php?id_plant=AMFR,179
Amorpha roemeriana,"Texas Indigo Bush, Roemer's false indigo",Not listed in spreadsheet,Shrub,Perennial,Apr,Purple,Low,Part Shade,,0,6,https://www.wildflower.org/plants/result.php?id_plant=AMRO2,180
Amsonia ciliata,"Blue Amsonia, Fringed bluestar",Not listed in spreadsheet,Herb,Perennial,"Mar , Apr , May , Jun",Blue,Medium,Part Shade,,0,6,https://www.wildflower.org/plants/result.php?id_plant=AMCI,37
Andropogon gerardii,"Big Bluestem, Tall Bluestem, Turkeyfoot",Not listed in spreadsheet,Grass,Perennial,"Aug , Sep , Oct , Nov","Red , Blue , Brown","Low , Medium","Sun , Part Shade",High,3,8,https://www.wildflower.org/plants/result.php?id_plant=ANGE,5
Andropogon glomeratus,"Bushy Bluestem, Brushy Bluestem",Not listed in spreadsheet,Grass,Perennial,"Aug , Sep , Oct , Nov","White , Brown",High,Sun,,2,6,https://www.wildflower.org/plants/result.php?id_plant=ANGL2,6
Andropogon virginicus,Broomsedge Bluestem,Not listed in spreadsheet,Grass,Perennial,"Sep , Oct , Nov",Yellow,Medium,Part Shade,,1,7,https://www.wildflower.org/plants/result.php?id_plant=ANVI2,7
Anisacanthus quadrifidus var. wrightii,Flame Acanthus,Not listed in spreadsheet,Shrub,Perennial,"Jun , Jul , Aug , Sep , Oct","Red , Orange",Low,"Sun , Part Shade",High,3,7,https://www.wildflower.org/plants/result.php?id_plant=ANQUW,181
Aquilegia canadensis,"Eastern Red Columbine, Wild Red Columbine",Not listed in spreadsheet,Herb,Perennial,"Feb , Mar , Apr , May , Jun , Jul","Red , Pink , Yellow","Low , Medium","Part Shade , Shade",High,1,7,https://www.wildflower.org/plants/result.php?id_plant=AQCA,38
Arbutus xalapensis,Texas Madrone,Ericaceae,Tree,Perennial,"Feb , Mar , Apr",White,Medium,"Sun , Part Shade",,0,6,https://www.wildflower.org/plants/result.php?id_plant=ARXA80,247
Argemone polyanthemos,White Prickly Poppy,Papaveraceae,Herb,Annual,"Apr , May , Jun , Jul , Aug , Sep , Oct",White,Low,Sun,,0,6,https://www.wildflower.org/plants/result.php?id_plant=ARPO2,39
Argemone sanguinea,"Red Pricklypoppy, Rose Prickly Poppy, Red Prickly Poppy",Not listed in spreadsheet,Herb,Annual,"Feb , Mar , Apr , May","Red , Pink",Low,Part Shade,,0,6,https://www.wildflower.org/plants/result.php?id_plant=ARSA4,40
Aristida purpurea,"Purple Threeawn, Purple 3-awn, Purple Three-awn, Red Threeawn",Poaceae,Grass,Annual,"Apr , May , Jun , Jul , Aug , Sep , Oct",Purple,Low,Sun,High,2,6,https://www.wildflower.org/plants/result.php?id_plant=ARPU9,8
Aristolochia erecta,Swanflower,Aristolochiaceae,Herb,Perennial,"Apr , May , Jun , Jul , Aug , Sep , Oct","Purple , Brown","Low , Medium","Sun , Part Shade",,2,7,https://www.wildflower.org/plants/result.php?id_plant=ARER,41
Asclepias asperula,"Antelope-horns, Spider Milkweed, Green-flowered Milkweed, Spider Antelope-horns, Antelope Horns",Apocynaceae,Herb,Perennial,"Mar , Apr , May , Jun , Jul , Aug , Sep , Oct","White , Green",Medium,Sun,,4,8,https://www.wildflower.org/plants/result.php?id_plant=ASAS,42
Asclepias incarnata,"Swamp Milkweed, Pink Milkweed",Not listed in spreadsheet,Herb,Perennial,"Jun , Jul , Aug , Sep , Oct","Pink , Purple",High,"Sun , Part Shade",,3,8,https://www.wildflower.org/plants/result.php?id_plant=ASIN,43
Asclepias oenotheroides,"Zizotes Milkweed, Hierba De Zizotes, Side-cluster Milkweed, Longhorn Milkweed, Primrose Milkweed, Lindheimer's Milkweed",Apocynaceae,Herb,Perennial,"Mar , Apr , May , Jun , Jul , Aug , Sep , Oct",Green,Low,Sun,,1,6,https://www.wildflower.org/plants/result.php?id_plant=ASOE,44
Asclepias texana,Texas Milkweed,Apocynaceae,Herb,Perennial,"May , Jun , Jul , Aug , Sep",White,Low,Sun,,0,6,https://www.wildflower.org/plants/result.php?id_plant=ASTE,45
Asclepias tuberosa,"Butterflyweed, Butterfly Weed, Butterfly Milkweed, Orange Milkweed, Pleurisy Root, Chigger Flower, Chiggerweed",Apocynaceae,Herb,Perennial,"May , Jun , Jul , Aug , Sep","Orange , Yellow",Low,Sun,High,4,8,https://www.wildflower.org/plants/result.php?id_plant=ASTU,46
Asclepias viridis,"Green Milkweed, Spider Milkweed",Apocynaceae,Herb,Perennial,"Apr , May , Jun , Jul , Aug , Sep","White , Yellow , Green , Purple",Low,Sun,,0,6,https://www.wildflower.org/plants/result.php?id_plant=ASVI2,47
Baptisia bracteata,Wild Indigo,Not listed in spreadsheet,Herb,Perennial,"May , Jun","White , Yellow",Medium,"Sun , Part Shade",High,0,6,https://www.wildflower.org/plants/result.php?id_plant=BABR2,48
Berlandiera lyrata,"Chocolate Daisy, Chocolate Flower, Lyreleaf Greeneyes, Green-eyed Lyre Leaf",Not listed in spreadsheet,Herb,Perennial,"Apr , May , Jun , Jul , Aug , Sep , Oct , Nov",Yellow,Low,"Sun , Part Shade",,0,6,https://www.wildflower.org/plants/result.php?id_plant=BELY,49
Bernardia myricifolia,Mouse Ears,Not listed in spreadsheet,Shrub,Perennial,"Apr , May , Oct , Nov",Yellow,Low,"Full Sun, Part Shade",,0,6,https://www.wildflower.org/plants/result.php?id_plant=BEMY,182
Bothriochloa laguroides,"Silver Bluestem, Silver Beardgrass",Not listed in spreadsheet,Grass,Perennial,"May , Jun , Jul , Aug , Sep , Oct , Nov",White,Low,Sun,,0,6,https://www.wildflower.org/plants/result.php?id_plant=BOLA2,9
Bouteloua curtipendula,"Sideoats Grama, Banderilla, Banderita, Navajita",Not listed in spreadsheet,Grass,Perennial,"Jun , Jul , Aug , Sep , Oct , Nov","Red , Orange , Yellow",Medium,"Sun , Part Shade",High,8,12,https://www.wildflower.org/plants/result.php?id_plant=BOCU,10
Bouteloua dactyloides,"Buffalograss, Buffalo Grass",Poaceae,Grass,Perennial,"Apr , May , Jun , Jul , Aug , Sep , Oct , Nov , Dec",Yellow,"Low , Medium",Sun,High,2,7,https://www.wildflower.org/plants/result.php?id_plant=BODA2,11
Bouteloua gracilis,Blue Grama,Not listed in spreadsheet,Grass,Perennial,"Jul , Aug , Sep , Oct",Yellow,"Low , Medium",Sun,High,7,12,https://www.wildflower.org/plants/result.php?id_plant=BOGR2,12
Bouteloua rigidiseta,Texas Grama,Poaceae,Grass,Perennial,"Apr , May , Jun , Jul , Aug , Sep , Oct , Nov","Yellow , Green , Brown",Low,Sun,,2,6,https://www.wildflower.org/plants/result.php?id_plant=BORI,13
Brickellia eupatorioides,False Boneset,Not listed in spreadsheet,Herb,Perennial,"May , Jun , Jul , Aug , Sep , Oct , Nov","White , Pink , Yellow , Green",Medium,Sun,,0,6,https://www.wildflower.org/plants/result.php?id_plant=BREU,50
Callicarpa americana,"American Beautyberry, French Mulberry",Lamiaceae,Shrub,Perennial,"May , Jun , Jul","White , Pink",Low,Part Shade,,0,6,https://www.wildflower.org/plants/result.php?id_plant=CAAM2,183
Callirhoe involucrata,"Winecup, Purple Poppy Mallow",Malvaceae,Herb,Perennial,"Mar , Apr , May , Jun","White , Pink , Purple",Medium,"Sun , Part Shade",,1,7,https://www.wildflower.org/plants/result.php?id_plant=CAIN2,51
Calylophus berlandieri,"Berlandier's Sundrops, Square-bud Primrose, Sundrops",Not listed in spreadsheet,Herb,Perennial,"Mar , Apr , May , Jun , Jul , Aug , Sep",Yellow,Low,"Sun , Part Shade",,0,6,https://www.wildflower.org/plants/result.php?id_plant=CABE6,52
Calyptocarpus vialis,Horseherb,Asteraceae,Herb,"Perennial Habit: Herb Leaf Retention: Semi-evergreen Leaf Arrangement: Opposite Leaf Complexity: Simple Leaf Shape: Deltoid Leaf Pubescence: Strigose Leaf Margin: Serrate Inflorescence: Axillary Size Notes: 6-12 inches high Leaf: medium green Fruit: Fruit is a cypsela (pl. cypselae). Though technically incorrect, the fruit is often referred to as an achene.","Mar , Apr , May , Jun , Jul , Aug , Sep , Oct , Nov",Yellow,"Low , Medium","Sun , Part Shade , Shade",High,0,6,https://www.wildflower.org/plants/result.php?id_plant=CAVI2,53
Campsis radicans,"Trumpet Creeper, Trumpet Vine, Common Trumpet Creeper, Cow Vine, Foxglove Vine, Hellvine, Devil's Shoestring",Bignoniaceae,Vine,Perennial,"Jun , Jul , Aug , Sep","Red , Orange , Yellow",Low,Sun,High,2,7,https://www.wildflower.org/plants/result.php?id_plant=CARA2,295
Capsicum annuum,"Chile Tepin, Chile Pequin, Chiltepin, Chile Petin, Bird Pepper, Turkey Pepper, Cayenne Pepper",Not listed in spreadsheet,Herb,"Annual , Perennial","May , Jun , Jul , Aug , Sep , Oct",White,Low,"Sun , Part Shade , Shade",,0,6,https://www.wildflower.org/plants/result.php?id_plant=CAAN4,54
Carex blanda,"Eastern Woodland Sedge, Creek Sedge, Common Wood Sedge",Not listed in spreadsheet,Herb,Perennial,"Mar , Apr , May , Jun",Green,High,"Sun , Part Shade , Shade",,0,6,https://www.wildflower.org/plants/result.php?id_plant=CABL,55
Carex cherokeensis,Cherokee Sedge,Not listed in spreadsheet,Herb,Perennial,"Apr , May , Jun",Not Applicable,Medium,Part Shade,,0,6,https://www.wildflower.org/plants/result.php?id_plant=CACH3,56
Carex emoryi,"Emory's Sedge, Emory Sedge",Not listed in spreadsheet,Herb,Perennial,"Jul , Aug","White , Green , Brown",Medium,"Sun , Part Shade",,0,6,https://www.wildflower.org/plants/result.php?id_plant=CAEM2,57
Carex perdentata,"Sand Sedge, Meadow Sedge",Not listed in spreadsheet,Herb,Perennial,"Mar , Apr , May",Not Applicable,Low,Sun,,0,1,https://www.wildflower.org/plants/result.php?id_plant=CAPE40,58
Carex texensis,Texas Sedge,Not listed in spreadsheet,Herb,Perennial,"Mar , Apr , May",Not Applicable,Medium,"Sun , Part Shade",,0,6,https://www.wildflower.org/plants/result.php?id_plant=CATE7,59
Carya illinoinensis,Pecan,Juglandaceae,Tree,Perennial,"Mar , Apr , May",Yellow,High,Sun,,2,7,https://www.wildflower.org/plants/result.php?id_plant=CAIL2,248
Celtis ehrenbergiana,Desert (Spiny) Hackberry,Not listed in spreadsheet,Shrub,Perennial,"Feb , Mar , Apr , May","White , Green",Low,"Sun , Part Shade",,2,7,https://www.wildflower.org/plants/result.php?id_plant=CEEH,184
Cephalanthus occidentalis,"Common Buttonbush, Buttonbush, Button Willow, Honey Bells, Honeybells, Honey Balls, Honeyballs, Button-bush",Rubiaceae,Shrub,Perennial,"Jun , Jul , Aug , Sep","White , Pink",High,"Part Shade , Shade",,2,8,https://www.wildflower.org/plants/result.php?id_plant=CEOC2,185
Cercis canadensis var. mexicana,Mexican Redbud,Not listed in spreadsheet,Tree,Perennial,"Feb , Mar , Apr","Pink , Purple","Low , Medium","Sun , Part Shade",High,1,6,https://www.wildflower.org/plants/result.php?id_plant=CECAM,249
Cercis canadensis var. texensis,Texas Redbud,Not listed in spreadsheet,Tree,Perennial,"Mar , Apr","White , Pink , Purple","Low , Medium","Sun , Part Shade","Medium , High",1,6,https://www.wildflower.org/plants/result.php?id_plant=CECAT,250
Chaetopappa ericoides,Rose Heath,Not listed in spreadsheet,Herb,Perennial,"Apr , May , Jun , Jul , Aug",White,Dry,Full Sun,,0,6,https://www.wildflower.org/plants/result.php?id_plant=CHER2,60
Chamaecrista fasciculata,"Partridge Pea, Sleepingplant, Sensitive Plant",Fabaceae,Herb,Annual,"Jun , Jul , Aug , Sep , Oct",Yellow,Medium,"Sun , Part Shade",,5,8,https://www.wildflower.org/plants/result.php?id_plant=CHFA2,61
Chasmanthium latifolium,"Inland Sea Oats, Indian Wood Oats, Wild Oats, River Oats, Flathead Oats, Upland Oats, Upland Sea Oats",Poaceae,Grass,Perennial,"Jun , Jul , Aug , Sep",Green,Medium,"Part Shade , Shade",,3,6,https://www.wildflower.org/plants/result.php?id_plant=CHLA5,14
Chilopsis linearis,"Desert Willow, Flowering Willow, Willow-leaved Catalpa, Willowleaf Catalpa, Bow Willow, Flor De Mimbre, Mimbre",Bignoniaceae,Tree,Perennial,"Apr , May , Jun , Jul , Aug , Sep , Oct","White , Pink , Purple , Violet",Low,Sun,High,1,6,https://www.wildflower.org/plants/result.php?id_plant=CHLI2,251
Chloracantha spinosa,"Spiny Chloracantha, Mexican Devil-weed",Not listed in spreadsheet,Shrub,Perennial,"May , Jun , Jul , Aug , Sep , Oct , Nov , Dec",White,Medium,"Sun, Part Shade",,0,6,https://www.wildflower.org/plants/result.php?id_plant=CHSP11,186
Chrysactinia mexicana,Damianita,Not listed in spreadsheet,Subshrub,Perennial,"Mar , Apr , May , Jun , Jul , Aug , Sep , Oct , Nov",Yellow,Low,Sun,High,0,6,https://www.wildflower.org/plants/result.php?id_plant=CHME3,225
Clematis drummondii,Old Man's Beard,Ranunculaceae,Vine,Perennial,"Apr , May , Jun , Jul , Aug , Sep",White,Low,"Sun , Part Shade",,2,7,https://www.wildflower.org/plants/result.php?id_plant=CLDR,296
Clematis pitcheri,"Purple Leatherflower, Purple Clematis, Leatherflower, Bluebill, Bellflower Clematis, Pitcher's Clematis",Ranunculaceae,Vine,Perennial,"May , Jun , Jul , Aug , Sep",Purple,Medium,"Sun , Part Shade",,0,6,https://www.wildflower.org/plants/result.php?id_plant=CLPI,297
Clematis texensis,"Scarlet Clematis, Scarlet Leatherflower, Texas Clematis",Ranunculaceae,Vine,Perennial,"Mar , Apr , May , Jun , Jul",Red,Low,Part Shade,,0,6,https://www.wildflower.org/plants/result.php?id_plant=CLTE2,298
Cocculus carolinus,Carolina Snailseed,Not listed in spreadsheet,Vine,Perennial,"Jun , Jul , Aug",Green,Low,Part Shade,,0,6,https://www.wildflower.org/plants/result.php?id_plant=COCA,299
Colubrina texensis,"Texas Hogplum, Texas Hog Plum",Rhamnaceae,Shrub,Perennial,"May , Jun , Jul",Green,Low,Part Shade,,0,10,https://www.wildflower.org/plants/result.php?id_plant=COTE6,"187, 313"
Commelina erecta,"Dayflower, Widow's Tears, White-mouth Dayflower, Whitemouth Dayflower",Commelinaceae,Herb,Perennial,"May , Jun , Jul , Aug , Sep , Oct",Blue,Medium,Part Shade,,0,6,https://www.wildflower.org/plants/result.php?id_plant=COER,62
Condalia hookeri,Brasil,Rhamnaceae,Shrub,Perennial,"Mar , Apr , May , Jun , Jul , Aug , Sep , Oct",Green,Low,Part Shade,,2,7,https://www.wildflower.org/plants/result.php?id_plant=COHO,188
Conoclinium coelestinum,"Blue Mistflower, Wild Ageratum, Blue Boneset, Gregg's Mistflower, Palmleaf Thoroughwort, Palm-leaf Mistflower, Palm-leaf Thoroughwort, Purple Palmleaf Mistflower, Purple Palmleaf Eupatorium",Not listed in spreadsheet,Herb,Perennial,"Jul , Aug , Sep , Oct , Nov","Blue , Purple",Medium,"Sun , Part Shade",,0,11,https://www.wildflower.org/plants/result.php?id_plant=COCO13,"63, 64"
Coreopsis basalis,"Goldenmane Tickseed, Golden-wave",Asteraceae,Herb,Annual,"Jun , Jul",Yellow,Low,Sun,,0,6,https://www.wildflower.org/plants/result.php?id_plant=COBA2,65
Coreopsis lanceolata,"Lanceleaf Coreopsis, Lance-leaved Coreopsis, Lanceleaf Tickseed, Sand Coreopsis",Not listed in spreadsheet,Herb,Perennial,"Apr , May , Jun",Yellow,Medium,"Sun , Part Shade , Shade",,0,6,https://www.wildflower.org/plants/result.php?id_plant=COLA5,66
Cornus drummondii,"Roughleaf Dogwood, Drummond's Dogwood, Rough-leaf Dogwood",Cornaceae,"Shrub, Tree",Perennial,"Apr , May , Jun , Jul",White,Low,"Part Shade , Shade",,0,6,https://www.wildflower.org/plants/result.php?id_plant=CODR,212
Cotinus obovatus,"American Smoke Tree, Texas Smoke Tree, Wild Smoke Tree, Smoke Tree, Smokebush, Chittamwood",Not listed in spreadsheet,Tree,Perennial,"Apr , May","Pink , Yellow , Purple",Low,"Sun , Part Shade",High,0,6,https://www.wildflower.org/plants/result.php?id_plant=COOB2,252
Croton texensis,"Texas Croton, Doveweed, Texas Goatweed",Euphorbiaceae,Herb,Annual,"Jun , Jul , Aug , Sep , Oct , Nov",White,Dry–Medium,Sun,,2,7,https://www.wildflower.org/plants/result.php?id_plant=CRTE4,67
Cynanchum barbigerum,"Cynanchum, Bearded Swallow-wort, Thicket Threadvine",Not listed in spreadsheet,Vine,Perennial,"Mar , Apr , May , Jun , Jul",White,Low,Sun,,0,6,https://www.wildflower.org/plants/result.php?id_plant=CYBA,300
Dalea aurea,"Golden Dalea, Golden Prairie Clover",Not listed in spreadsheet,Herb,Perennial,"Apr , May , Jun",Yellow,Dry–Medium,Sun,,0,6,https://www.wildflower.org/plants/result.php?id_plant=DAAU,68
Dalea frutescens,"Black Dalea, Black Prairie Clover",Not listed in spreadsheet,Subshrub,Perennial,"Jul , Aug , Sep , Oct",Purple,Low,Sun,,1,6,https://www.wildflower.org/plants/result.php?id_plant=DAFR2,226
Dalea purpurea,Purple Prairie Clover,Not listed in spreadsheet,Herb,Perennial,"Jun , Jul , Aug , Sep",Purple,Low,Sun,High,0,6,https://www.wildflower.org/plants/result.php?id_plant=DAPU5,69
Dasylirion texanum,"Texas Sotol, Sotol",Asparagaceae,Succulent,Perennial,"Jun , Jul",Yellow,Low,Sun,,0,6,https://www.wildflower.org/plants/result.php?id_plant=DATE3,234
Datura wrightii,"Jimsonweed, Sacred Thorn-apple, Thorn-apple, Angel Trumpet, Sacred Datura, Western Jimson Weed",Not listed in spreadsheet,Herb,Perennial,"May , Jun , Jul , Aug , Sep , Oct , Nov",White,Medium,"Sun , Part Shade",,2,6,https://www.wildflower.org/plants/result.php?id_plant=DAWR2,70
Delphinium carolinianum,"Larkspur, Carolina larkspur",Ranunculaceae,Herb,Perennial,"Apr , May , Jun , Jul","White , Blue , Violet",Low,Part Shade,,0,6,https://www.wildflower.org/plants/result.php?id_plant=DECA3,71
Dermatophyllum secundiflorum,Texas Mountain Laurel,Fabaceae,"Shrub, Tree",Perennial,"Feb , Mar , Apr","Blue , Purple","Low , Medium","Sun , Part Shade",High,0,6,https://www.wildflower.org/plants/result.php?id_plant=DESE5,213
Desmanthus illinoensis,"Illinois Bundleflower, Bundleflower, Prairie Bundle Flower, Prickleweed, Illinois Desmanthus, Prairie Mimosa",Fabaceae,Herb,Perennial,"May , Jun , Jul , Aug , Sep",White,Medium,Sun,,0,6,https://www.wildflower.org/plants/result.php?id_plant=DEIL,72
Dichondra carolinensis,"Carolina Ponyfoot, Ponyfoot",Convolvulaceae,Herb,Perennial,"Mar , Apr , May , Jun , Jul , Aug , Sep","White , Green",Medium,Part Shade,,0,6,https://www.wildflower.org/plants/result.php?id_plant=DICA3,73
Diospyros texana,"Texas Persimmon, Mexican Persimmon, Black Persimmon, Chapote, Chapote Prieto",Ebenaceae,Tree,Perennial,"Feb , Mar , Apr","White , Green",Low,"Sun , Part Shade",High,3,7,https://www.wildflower.org/plants/result.php?id_plant=DITE3,253
Diospyros virginiana,"Common Persimmon, Eastern Persimmon, Possumwood, Date Plum, Winter Plum, Jove's Fruit",Ebenaceae,Tree,Perennial,"Apr , May , Jun","Yellow , Green",Medium,"Sun , Part Shade",,1,7,https://www.wildflower.org/plants/result.php?id_plant=DIVI5,254
Dracopis amplexicaulis,"Clasping Coneflower, Clasping-leaf Coneflower",Not listed in spreadsheet,Herb,Annual,"Apr , May , Jun , Jul",Yellow,High,Part Shade,,0,6,https://www.wildflower.org/plants/result.php?id_plant=DRAM,74
Dyschoriste linearis,"Snake Herb, Polkadots, Narrowleaf Dyschoriste",Acanthaceae,Herb,Perennial,"Apr , May , Jun , Jul , Aug , Sep , Oct",Purple,Low,Sun,,0,6,https://www.wildflower.org/plants/result.php?id_plant=DYLI,75
Echinacea angustifolia,"Black Samson, Black Samson Echinacea, Narrow-leaf Coneflower",Asteraceae,Herb,Perennial,"May , Jun , Jul","Pink , Purple",Low,"Sun , Part Shade",,0,6,https://www.wildflower.org/plants/result.php?id_plant=ECAN2,76
Ehretia anacua,"Anacua, Sugarberry Anacua, Anaqua, Anacahuita, Knockaway, Knackaway, Sandpaper Tree, Manzanita, Manzanillo, Tlalahuacate",Boraginaceae,Tree,Perennial,"Feb , Mar , Apr",White,Low,"Sun , Part Shade",,1,6,https://www.wildflower.org/plants/result.php?id_plant=EHAN,255
Elymus canadensis,Canada Wildrye,Not listed in spreadsheet,Grass,Perennial,"Mar , Apr , May , Jun","Yellow , Green , Brown",Medium,"Sun , Part Shade",High,2,7,https://www.wildflower.org/plants/result.php?id_plant=ELCA4,15
Engelmannia peristenia,"Engelmann's Daisy, Engelmann Daisy, Cutleaf Daisy",Asteraceae,Herb,Perennial,"Mar , Apr , May , Jun , Jul",Yellow,Medium,Sun,,0,6,https://www.wildflower.org/plants/result.php?id_plant=ENPE4,77
Equisetum hyemale,"Scouring-rush Horsetail, Horsetail, Scouring Rush, Canuela",Not listed in spreadsheet,Fern,Perennial,"Jan , Feb , Mar , Apr , May , Jun , Jul , Aug , Sep , Oct , Nov , Dec",Not Applicable,Medium,"Sun , Part Shade , Shade",,0,6,https://www.wildflower.org/plants/result.php?id_plant=EQHY,3
Eragrostis hirsuta,Big Top Love Grass,Not listed in spreadsheet,Grass,Perennial,"Jun , Jul , Aug , Sep , Oct","Green , Purple , Brown",Dry to Moist,Full Sun,,0,6,https://www.wildflower.org/plants/result.php?id_plant=ERHI,16
Eragrostis spectabilis,"Purple Lovegrass, Purple Love Grass, Purple Plains Lovegrass, Tumblegrass, Petticoat Climber",Not listed in spreadsheet,Grass,Perennial,"Aug , Sep , Oct","Red , Purple",Low,Sun,,0,1,https://www.wildflower.org/plants/result.php?id_plant=ERSP,17
Eragrostis trichodes,"Sand Love Grass, Sand lovegrass",Not listed in spreadsheet,Grass,Perennial,"Apr , May",Yellow,Medium,Part Shade,,0,0,https://www.wildflower.org/plants/result.php?id_plant=ERTR3,18
Erigeron philadelphicus,Philadelphia Fleabane,Not listed in spreadsheet,Herb,Biennial,"Mar , Apr , May , Jun","White , Yellow , Purple",Medium,Part Shade,,1,7,https://www.wildflower.org/plants/result.php?id_plant=ERPH,78
Eriochloa sericea,Texas Cupgrass,Not listed in spreadsheet,Grass,Perennial,"May , Jun , Jul , Aug , Sep , Oct",Not Applicable,Medium,Sun,,0,6,https://www.wildflower.org/plants/result.php?id_plant=ERSE5,19
Eriogonum longifolium,"Longleaf Buckwheat, Longleaf Wild Buckwheat",Polygonaceae,Herb,Perennial,"Jun , Jul , Aug , Sep","White , Green",Low,Sun,,0,6,https://www.wildflower.org/plants/result.php?id_plant=ERLO5,79
Eryngium leavenworthii,"Leavenworth's Eryngo, Eryngo, False Purple Thistle",Apiaceae,Herb,Annual,"Jul , Aug , Sep","Blue , Purple",Low,"Sun , Part Shade",,0,6,https://www.wildflower.org/plants/result.php?id_plant=ERLE11,80
Eryngium yuccifolium,"Rattlesnake Master, Button Eryngo, Button Snakeroot, Beargrass, Bear's Grass",Not listed in spreadsheet,Herb,Perennial,"May , Jun , Jul , Aug",White,Medium,Sun,,0,6,https://www.wildflower.org/plants/result.php?id_plant=ERYU,81
Erythrina herbacea,Coral Bean,Fabaceae,Shrub,Perennial,"Mar , Apr , May , Jun , Jul , Aug , Sep , Oct , Nov",Red,Medium,"Sun , Part Shade",,0,6,https://www.wildflower.org/plants/result.php?id_plant=ERHE4,189
Eustoma exaltatum,"Catchfly Prairie Gentian, Bluebell Gentian, Western Blue Gentian, Blue Marsh Lily, Small Bluebell, Catchfly Gentian, Seaside Gentian",Not listed in spreadsheet,Herb,Annual,"May , Jun , Jul , Aug , Sep , Oct","Blue , Purple",Medium,"Sun , Part Shade",,0,6,https://www.wildflower.org/plants/result.php?id_plant=EUEX5,82
Eysenhardtia texana,"Texas Kidneywood, Kidneywood, Bee Brush, Vara Dulce, Palo Dulce",Fabaceae,Shrub,Perennial,"May , Jun , Jul , Aug , Sep , Oct",White,Low,Sun,,1,6,https://www.wildflower.org/plants/result.php?id_plant=EYTE,190
Fleischmannia incarnata,Pink Thoroughwort,Not listed in spreadsheet,Herb,Perennial,"Oct , Nov , Dec","White , Pink , Purple",Medium,"Sun, Part Shade",,0,6,https://www.wildflower.org/plants/result.php?id_plant=FLIN2,83
Forestiera pubescens,"Elbowbush, Stretchberry, Spring Herald, Desert Olive, Tanglewood, Devil's Elbow, Spring Goldenglow, New Mexico Privet, Texas Forsythia",Oleaceae,Shrub,Perennial,"Jan , Feb , Mar","Yellow , Green","Low , Medium","Sun , Part Shade , Shade","Medium , High",1,6,https://www.wildflower.org/plants/result.php?id_plant=FOPU2,191
Frangula caroliniana,"Carolina Buckthorn, Carolina False Buckthorn, Yellow Buckthorn, Indian Cherry, Yellowwood",Rhamnaceae,Shrub,Perennial,"Apr , May , Jun","White , Yellow , Green",Medium,Part Shade,,1,6,https://www.wildflower.org/plants/result.php?id_plant=FRCA13,192
Fraxinus albicans,"Texas Ash, Mountain Ash",Not listed in spreadsheet,Tree,Perennial,"Mar , Apr","Red , Green , Purple",Low,Part Shade,,1,7,https://www.wildflower.org/plants/result.php?id_plant=FRAL3,256
Fraxinus pennsylvanica,Green Ash Tree / Water Ash,Not listed in spreadsheet,Tree,Perennial,"Apr , May , Jun","Green , Purple , Brown",Medium,"Sun , Part Shade , Shade",High,9,10,https://www.wildflower.org/plants/result.php?id_plant=FRPE,257
Funastrum cynanchoides,"Fringed Twinevine, Climbing Milkweed Vine, Twine-vine",Apocynaceae,Vine,Perennial,"Apr , May , Jun , Jul , Aug","White , Pink , Purple",Medium,Part Shade,,4,8,https://www.wildflower.org/plants/result.php?id_plant=FUCY,301
Gaillardia aestivalis,Lanceleaf blanketflower,Asteraceae,Herb,Perennial,"Apr , May , Jun , Jul , Aug , Sep , Oct","White , Pink , Yellow , Purple",Low,Sun,,0,6,https://www.wildflower.org/plants/result.php?id_plant=GAAE,84
Gaillardia amblyodon,Maroon Blanket Flower,Asteraceae,Herb,Annual,"Apr , May , Jun , Jul","Red , Yellow , Purple",Dry to Moist,Sun,,0,6,https://www.wildflower.org/plants/result.php?id_plant=GAAM,85
Gaillardia pulchella,"Indian Blanket, Firewheel, Girasol Rojo",Asteraceae,Herb,Annual,"May , Jun , Jul , Aug","Red , Yellow , Brown",Medium,"Sun , Part Shade",,0,6,https://www.wildflower.org/plants/result.php?id_plant=GAPU,86
Gaillardia suavis,"Pincushion Daisy, Fragrant Gaillardia, Rayless Gaillardia, Perfumeballs",Not listed in spreadsheet,Herb,Perennial,"Mar , Apr , May","Red , Brown",Medium,Part Shade,,0,6,https://www.wildflower.org/plants/result.php?id_plant=GASU,87
Garrya ovata ssp. lindheimeri,"Mexican Silktassel, Lindheimer's Silktassel",Not listed in spreadsheet,Shrub,Perennial,"Mar , Apr , May",Green,Low,Part Shade,,0,6,https://www.wildflower.org/plants/result.php?id_plant=GAOVL,193
Geum canadense,White Avens,Rosaceae,Herb,"Perennial Habit: Herb Leaf Retention: Semi-evergreen Fruit Type: Achene , Aggregate , Caryopsis Size Notes: Usually 4 to 18 inches, but can reach 4 feet. Leaf: Green Flower: Flowers 1/2 inch. Fruit: Aggregated achenes.","Apr , May , Jun",White,Medium,"Part Shade , Shade",,0,6,https://www.wildflower.org/plants/result.php?id_plant=GECA7,88
Glandularia bipinnatifida,"Prairie Verbena, Purple Prairie Verbena, Dakota Vervain, Dakota Mock Vervain, Moradilla, Alfombrilla",Verbenaceae,Herb,Perennial,"Mar , Apr , May , Jun , Jul , Aug , Sep , Oct","Purple , Violet","Low , Medium",Part Shade,,0,6,https://www.wildflower.org/plants/result.php?id_plant=GLBI2,89
Gleditsia triacanthos,"Honey Locust, Common Honey Locust, Thorny Common Honey Locust, Honey Shucks Locust, Sweet Locust, Thorny Locust, Honey Shucks, Sweet Bean Tree",Not listed in spreadsheet,Tree,Perennial,"May , Jun",Yellow,Medium,Part Shade,High,4,9,https://www.wildflower.org/plants/result.php?id_plant=GLTR,258
Grindelia lanceolata,Narrowleaf Gumweed,Not listed in spreadsheet,Herb,"Perennial , Biennial","Jun , Jul , Aug , Sep , Oct",Yellow,Dry to Moist,Full Sun,,0,6,https://www.wildflower.org/plants/result.php?id_plant=GRLA3,90
Grindelia squarrosa,Curlycup Gumweed,Not listed in spreadsheet,Herb,"Annual , Perennial , Biennial","Jul , Aug , Sep",Yellow,Low–Medium,Sun,,0,6,https://www.wildflower.org/plants/result.php?id_plant=GRSQ,91
Hedeoma acinoides,"Pannyroyal (annual), Slender False Pennyroyal",Not listed in spreadsheet,Herb,Annual,"Apr , May",Pink,Medium,"Sun , Part Shade",,0,6,https://www.wildflower.org/plants/result.php?id_plant=HEAC,92
Hedeoma reverchonii,Reverchon's False Pennyroyal,Lamiaceae,Herb,Perennial,"Jun , Jul , Aug","White , Purple",Low,Sun,,0,6,https://www.wildflower.org/plants/result.php?id_plant=HERE3,93
Helenium amarum,Southern Wild Hyacinth,Asteraceae,Herb,Annual,"Jan , Feb , Mar , Apr , May , Jun , Jul , Aug , Sep , Oct , Nov , Dec",Yellow,Low,Part Shade,,0,6,https://www.wildflower.org/plants/result.php?id_plant=HEAM,94
Helenium autumnale,"Common Sneezeweed, Fall Sneezeweed, Autumn Sneezeweed",Not listed in spreadsheet,Herb,Perennial,"Jul , Aug , Sep , Oct",Yellow,Medium,Sun,,0,6,https://www.wildflower.org/plants/result.php?id_plant=HEAU,95
Helianthus maximiliani,"Maximilian Sunflower, Max Sunflower",Asteraceae,Herb,Perennial,"Aug , Sep , Oct , Nov","Yellow , Brown",Low,Sun,,0,6,https://www.wildflower.org/plants/result.php?id_plant=HEMA2,96
Hesperaloe parviflora,"Red Yucca, Coral Yucca, Red-flowered False Yucca, Redflower False Yucca, Yellow Yucca, Hummingbird Yucca, Samandoque",Asparagaceae,Succulent,Perennial,"Mar , Apr , May , Jun , Jul","Red , Yellow",Low,Sun,,0,6,https://www.wildflower.org/plants/result.php?id_plant=HEPA8,235
Hibiscus laevis,"Halberdleaf Rosemallow, Halberdleaf Hibiscus, Scarlet Rose Mallow, Halberd-leaved Hibiscus, Halberd-leaved Rose-mallow",Malvaceae,Herb,Perennial,"May , Jun , Jul , Aug , Sep , Oct , Nov","White , Pink",High,"Sun , Part Shade",,0,6,https://www.wildflower.org/plants/result.php?id_plant=HILA2,97
Hibiscus moscheutos,"Crimson-eyed Rose-mallow, Marshmallow Hibiscus",Not listed in spreadsheet,Herb,Perennial,"Jul , Aug , Sep","White , Pink",High,"Sun , Part Shade",Low,0,6,https://www.wildflower.org/plants/result.php?id_plant=HIMO,98
Hydrocotyle umbellata,"Manyflower Marsh-pennywort, Many-flowered Marsh-pennywort, Marsh Pennywort, Water Pennywort, Money Plant",Araliaceae,Herb,Perennial,"Apr , May , Jun , Jul , Aug , Sep , Oct",White,Medium,"Sun , Part Shade , Shade",,0,6,https://www.wildflower.org/plants/result.php?id_plant=HYUM,99
Ilex decidua,"Possumhaw, Possumhaw Holly, Deciduous Holly, Meadow Holly, Prairie Holly, Swamp Holly, Welk Holly, Deciduous Yaupon, Bearberry, Winterberry",Aquifoliaceae,"Shrub, Tree",Perennial,"Mar , Apr , May",White,Medium,"Sun , Part Shade",,0,6,https://www.wildflower.org/plants/result.php?id_plant=ILDE,214
Ilex vomitoria,"Yaupon, Yaupon Holly, Cassina",Aquifoliaceae,"Shrub, Tree",Perennial,"Apr , May",White,Low,"Sun , Part Shade , Shade",,1,6,https://www.wildflower.org/plants/result.php?id_plant=ILVO,215
Ipomopsis rubra,"Standing Cypress, Texas Plume, Red Texas Star, Red Gilia",Polemoniaceae,Herb,Biennial,"May , Jun , Jul","Red , Orange , Yellow",Medium,"Sun , Part Shade",,0,6,https://www.wildflower.org/plants/result.php?id_plant=IPRU2,100
Juglans microcarpa,"Littleleaf Walnut, Little walnut",Not listed in spreadsheet,Tree,Perennial,"Mar , Apr , May , Jun","White , Green",Medium,Part Shade,,2,7,https://www.wildflower.org/plants/result.php?id_plant=JUMI,259
Juglans nigra,Black Walnut,Not listed in spreadsheet,Tree,Perennial,"Apr , May","Yellow , Green , Brown",High,"Sun , Part Shade",,1,6,https://www.wildflower.org/plants/result.php?id_plant=JUNI,260
Juncus texanus,Texas Rush,Not listed in spreadsheet,Grass/Grass-like,Perennial,"Jun , Jul , Aug","Green , Brown",,,,0,0,https://www.wildflower.org/plants/result.php?id_plant=JUTE3,314
Juniperus ashei,Ashe Juniper,Cupressaceae,Tree,Perennial,"Jan , Feb , Dec","White , Brown",Low,Part Shade,,3,7,https://www.wildflower.org/plants/result.php?id_plant=JUAS,261
Juniperus virginiana,"Eastern Red Cedar, Eastern Redcedar, Virginia Juniper, Red Juniper, Pencil Cedar, Carolina Cedar, Red Savin",Cupressaceae,Tree,Perennial,"Mar , Apr , May","Green , Purple , Brown",Low,"Sun , Part Shade , Shade",High,1,6,https://www.wildflower.org/plants/result.php?id_plant=JUVI,262
Justicia americana,"American Water-willow, Water-willow",Acanthaceae,Herb,Perennial,"Apr , May , Jun , Jul , Aug , Sep , Oct","White , Pink , Purple , Violet",Medium,"Sun , Part Shade",,1,6,https://www.wildflower.org/plants/result.php?id_plant=JUAM,101
Lantana urticoides,"Texas Lantana, Calico Bush",Verbenaceae,Shrub,Perennial,"Apr , May , Jun , Jul , Aug , Sep , Oct","Red , Orange , Yellow",Low,Sun,,0,6,https://www.wildflower.org/plants/result.php?id_plant=LAUR2,194
Leersia oryzoides,"Rice Cutgrass, Rice Cut Grass",Not listed in spreadsheet,Grass,Perennial,"Jun , Jul , Aug , Sep , Oct",Green,High,Part Shade,,2,4,https://www.wildflower.org/plants/result.php?id_plant=LEOR,20
Leptochloa dubia,Green Sprangletop,Not listed in spreadsheet,Grass/Grass-like,Perennial,"May , Jun , Jul , Aug , Sep , Oct , Nov",Yellow,Medium,Part Shade,,2,8,https://www.wildflower.org/plants/result.php?id_plant=LEDU,315
Leucaena retusa,"Goldenball Leadtree, Littleleaf Leadtree, Little Leucaena, Lemonball, Wahoo Tree",Not listed in spreadsheet,"Shrub, Tree",Perennial,"Apr , May , Jun , Jul , Aug , Sep , Oct",Yellow,Low,Part Shade,,0,6,https://www.wildflower.org/plants/result.php?id_plant=LERE5,216
Leucophyllum frutescens,"Cenizo, Purple Sage, Texas Ranger, Texas Barometer Bush, Texas Silverleaf, Texas Sage, Silverleaf",Scrophulariaceae,Shrub,Perennial,"Jan , Feb , Mar , Apr , May , Jun , Jul , Aug , Sep , Oct , Nov , Dec","White , Pink , Purple , Violet",Low,"Sun , Part Shade",,3,8,https://www.wildflower.org/plants/result.php?id_plant=LEFR3,195
Liatris punctata var. mucronata,Gayfeather,Not listed in spreadsheet,Herb,Perennial,"Aug , Sep , Oct , Nov , Dec","Pink , Purple",Low,Sun,High,0,6,https://www.wildflower.org/plants/result.php?id_plant=LIPUM2,102
Lindera benzoin,"Northern Spicebush, Spicebush, Wild Allspice",Not listed in spreadsheet,Shrub,Perennial,"Mar , Apr , May","White , Yellow",Medium,"Sun , Part Shade , Shade",,4,9,https://www.wildflower.org/plants/result.php?id_plant=LIBE3,196
Lindheimera texana,"Texas Yellowstar, Texas Star, Texas Yellow-star, Lindheimer Daisy",Asteraceae,Herb,Annual,"Mar , Apr , May",Yellow,Low,Sun,,0,6,https://www.wildflower.org/plants/result.php?id_plant=LITE3,103
Lobelia cardinalis,Cardinal Flower,Not listed in spreadsheet,Herb,Perennial,"May , Jun , Jul , Aug , Sep , Oct",Red,"Medium , High","Sun , Part Shade , Shade",Low,0,6,https://www.wildflower.org/plants/result.php?id_plant=LOCA2,104
Lonicera albiflora,"Western White Honeysuckle, White Shrub Honeysuckle, White Bush Honeysuckle, White Limestone Honeysuckle, Texas Honeysuckle, White Honeysuckle",Not listed in spreadsheet,Vine,Perennial,"Mar , Apr , May",White,Low,"Sun , Part Shade",,0,6,https://www.wildflower.org/plants/result.php?id_plant=LOAL,302
Lonicera sempervirens,"Coral Honeysuckle, Trumpet Honeysuckle, Woodbine",Caprifoliaceae,Vine,Perennial,"Mar , Apr , May , Jun","Red , Yellow",Medium,"Sun , Part Shade",,3,8,https://www.wildflower.org/plants/result.php?id_plant=LOSE,303
Ludwigia octovalvis,"Mexican Primrose-willow, Narrow-leaf Water Primrose, Seedbox, Mexican Primrose Willow",Onagraceae,Herb,Perennial,"Jul , Aug , Sep , Oct",Yellow,Medium,"Sun , Part Shade",,1,6,https://www.wildflower.org/plants/result.php?id_plant=LUOC,105
Lupinus texensis,"Texas Bluebonnet, Bluebonnet, Texas Lupine, Buffalo Clover, Wolf Flower",Fabaceae,Herb,Annual,"Mar , Apr , May","White , Blue",Low,Sun,,2,6,https://www.wildflower.org/plants/result.php?id_plant=LUTE,106
Maclura pomifera,"Osage Orange, Bois d' Arc, Bodark, Horse Apple, Hedge Apple, Bowwood, Yellowwood, Naranjo Chino, Monkey Brains",Moraceae,Tree,Perennial,"Apr , May , Jun",Green,Medium,"Sun , Part Shade",,0,6,https://www.wildflower.org/plants/result.php?id_plant=MAPO,263
Mahonia swaseyi,"Texas Barberry, Texas Oregon-grape",Not listed in spreadsheet,Shrub,Perennial,"Feb , Mar , Apr",Yellow,Low,Sun,,0,6,https://www.wildflower.org/plants/result.php?id_plant=MASW,197
Mahonia trifoliolata,"Agarita, Agarito, Algerita, Laredo Mahonia, Laredo Oregon-grape, Trifoliate Barberry, Wild Currant",Not listed in spreadsheet,Shrub,Perennial,"Feb , Mar , Apr",Yellow,Low,"Sun , Part Shade",,0,6,https://www.wildflower.org/plants/result.php?id_plant=MATR3,198
Malus ioensis var. texana,Blanco Crabapple,Not listed in spreadsheet,Tree,Perennial,"Apr , May","White , Pink",Medium,Sun,,0,6,https://www.wildflower.org/plants/result.php?id_plant=MAIOT8,264
Malvaviscus arboreus var. drummondii,Turks Cap,Not listed in spreadsheet,Shrub,Perennial,"May , Jun , Jul , Aug , Sep , Oct , Nov","White , Red",Medium,"Part Shade , Shade",,0,6,https://www.wildflower.org/plants/result.php?id_plant=MAARD,199
Manfreda maculosa,"False Aloe, Spice Lily, Spice-lily",Not listed in spreadsheet,Succulent,Perennial,"Apr , May , Jun , Jul","White , Pink",Medium,"Sun , Part Shade",,1,7,https://www.wildflower.org/plants/result.php?id_plant=MAMA7,236
Marshallia caespitosa,"Barbara's-buttons, Puffballs, White Barbara's-buttons, Barbara's Buttons",Asteraceae,Herb,Perennial,"Apr , May , Jun","White , Pink , Purple",Low,"Sun , Part Shade",,0,6,https://www.wildflower.org/plants/result.php?id_plant=MACA7,107
Marsilea macropoda,"Bigfoot Water-clover, Water-clover, Clover-fern, Largefoot Pepperwort",Not listed in spreadsheet,Fern,Perennial,May–October,Not Applicable,"Medium , High","Sun , Part Shade , Shade",,0,6,https://www.wildflower.org/plants/result.php?id_plant=MAMA9,4
Matelea biflora,"Star Milkvine, Purple Milkweed Vine",Apocynaceae,Vine,Perennial,"Mar , Apr , May , Jun","Purple , Brown",Low–Medium,"Sun , Part Shade",,0,6,https://www.wildflower.org/plants/result.php?id_plant=MABI6,304
Matelea reticulata,"Pearl Milkweed Vine, Netted Milkvine, Green Milkweed Vine, Net Vein Milkvine",Apocynaceae,Vine,Perennial,"Mar , Apr , May , Jun , Jul , Aug , Sep , Oct , Nov","White , Green",Low,Part Shade,,0,6,https://www.wildflower.org/plants/result.php?id_plant=MARE4,305
Maurandella antirrhiniflora,"Snapdragon Vine, Roving Sailor, Climbing Snapdragon, Little Snapdragon Vine",Not listed in spreadsheet,Vine,Perennial,"Mar , Apr , May , Jun , Jul , Aug , Sep , Oct","Purple , Violet",Medium,Part Shade,,2,7,https://www.wildflower.org/plants/result.php?id_plant=MAAN9,306
Melampodium leucanthum,"Blackfoot Daisy, Rock Daisy, Plains Blackfoot, Arnica",Asteraceae,Herb,Perennial,"Mar , Apr , May , Jun , Jul , Aug , Sep , Oct , Nov","White , Yellow",Low,"Sun , Part Shade",,0,6,https://www.wildflower.org/plants/result.php?id_plant=MELE2,108
Menodora longiflora,"Showy Menodora, Longflower menodora",Not listed in spreadsheet,Herb,Perennial,"Mar , Apr , May , Jun , Jul , Aug , Sep , Oct",Yellow,Low,Part Shade,,0,6,https://www.wildflower.org/plants/result.php?id_plant=MELO2,109
Merremia dissecta,"Alamo Vine, Noyau Vine, Correhuela De Las Doce",Not listed in spreadsheet,Vine,Perennial,"May , Jun , Jul , Aug , Sep , Oct , Nov",White,"Low , Medium","Sun , Part Shade",,0,6,https://www.wildflower.org/plants/result.php?id_plant=MEDI2,307
Mimosa borealis,"Fragrant Mimosa, Pink Mimosa",Not listed in spreadsheet,Shrub,Perennial,"Mar , Apr , May , Jun , Jul",Pink,Low,"Sun , Part Shade",,0,6,https://www.wildflower.org/plants/result.php?id_plant=MIBO2,200
Mimosa texana,Texas Mimosa,Fabaceae,Shrub,Perennial,"May , Jun , Jul , Aug , Sep","White , Pink",Low,Part Shade,,0,6,https://www.wildflower.org/plants/result.php?id_plant=MITE6,201
Monarda citriodora,"Lemon Beebalm, Purple Horsemint, Lemon Mint, Plains Horsemint, Lemon Horsemint, Horsemint, Purple Lemon Mint",Lamiaceae,Herb,Annual,"May , Jun , Jul","White , Pink , Purple",Low,"Sun , Part Shade",,0,6,https://www.wildflower.org/plants/result.php?id_plant=MOCI,110
Monarda fistulosa,Wild Bergamot,Not listed in spreadsheet,Herb,Perennial,"May , Jun , Jul , Aug , Sep","White , Pink , Purple",Medium,"Sun , Part Shade",Medium,0,6,https://www.wildflower.org/plants/result.php?id_plant=MOFI,111
Monarda punctata,Spotted Beebalm,Lamiaceae,Herb,Perennial,"Apr , May , Jun , Jul , Aug , Sep , Oct","White , Pink , Yellow , Green , Purple",Low,Sun,,0,6,https://www.wildflower.org/plants/result.php?id_plant=MOPU,112
Morus microphylla,"Texas Mulberry, Littleleaf Mulberry, Mountain Mulberry, Mexican Mulberry, Dwarf Mulberry",Moraceae,Tree,Perennial,"Mar , Apr , May","Red , Green",Low,Part Shade,,0,6,https://www.wildflower.org/plants/result.php?id_plant=MOMI,265
Morus rubra,"Red Mulberry, Moral",Moraceae,Tree,Perennial,"Mar , Apr , May , Jun , Jul , Aug","White , Red , Green , Brown",Medium,"Sun , Part Shade , Shade",,2,7,https://www.wildflower.org/plants/result.php?id_plant=MORU2,266
Muhlenbergia dubia,Pine Muhly,Not listed in spreadsheet,Grass/Grass-like,Perennial,"Aug , Sep , Oct",White,Low,Sun,,0,6,https://www.wildflower.org/plants/result.php?id_plant=MUDU,316
Muhlenbergia lindheimeri,"Lindheimer's Muhly, Lindheimer Muhly, Big Muhly, Blue Muhly",Not listed in spreadsheet,Grass,"Perennial Habit: Grass/Grass-like Root Type: Fibrous Leaf Retention: Semi-evergreen Leaf Arrangement: Alternate Leaf Complexity: Simple Leaf Shape: Linear Leaf Venation: Parallel Breeding System: Flowers Unisexual , Monoecious Inflorescence: Panicle Fruit Type: Caryopsis Size Notes: Normally 2-5 ft high Leaf: Light grey-green to light blue-green Autumn Foliage: yes Flower: Panicles 15-45 cm long Fruit: Greyish to whitish","May , Jun , Jul , Aug , Sep , Oct , Nov",White,Medium,Sun,,0,6,https://www.wildflower.org/plants/result.php?id_plant=MULI,21
Muhlenbergia reverchonii,Seep Muhly,Not listed in spreadsheet,Grass,Perennial,"Aug , Sep , Oct , Nov","White , Pink , Brown",Medium,Sun,High,0,6,https://www.wildflower.org/plants/result.php?id_plant=MURE2,22
Muhlenbergia schreberi,Nimblewill,Not listed in spreadsheet,Grass,Perennial,"Jul , Aug , Sep",Green,Medium,"Part Shade , Shade",,0,4,https://www.wildflower.org/plants/result.php?id_plant=MUSC,23
Muhlenbergia utilis,"Aparejo Grass, Aparejo Muhly",Poaceae,Grass,Perennial,"Aug , Sep , Oct , Nov",Purple,Medium,"Sun, Part Shade",,0,1,https://www.wildflower.org/plants/result.php?id_plant=MUUT,24
Nemophila phacelioides,"Texas Baby Blue Eyes, Large-flower Baby-blue-eyes, Baby Blue-eyes, Flannel Breeches",Boraginaceae,Herb,Annual,"Mar , Apr , May","White , Blue",Medium,Part Shade,,0,6,https://www.wildflower.org/plants/result.php?id_plant=NEPH,113
Neptunia lutea,"Yellow Sensitive Briar, Yellow Puff",Fabaceae,Herb,Perennial,"May , Jun",Yellow,Low,Sun,,0,6,https://www.wildflower.org/plants/result.php?id_plant=NELU2,114
Nolina lindheimeriana,"Devil's Shoestring, Devil's-shoestring, Ribbon Grass",Asparagaceae,Succulent,Perennial,"Apr , May , Jun",White,Low,"Sun , Part Shade",,0,6,https://www.wildflower.org/plants/result.php?id_plant=NOLI,237
Nolina texana,"Texas Sacahuista, Texas Beargrass, Basket Grass, Sacahuista, Bunchgrass, Texas Bear-grass",Not listed in spreadsheet,Succulent,Perennial,"Mar , Apr , May , Jun , Jul","White , Green",Low,Part Shade,,3,7,https://www.wildflower.org/plants/result.php?id_plant=NOTE,238
Oenothera jamesii,"Trumpet Evening-primrose, Trumpet Evening Primrose, River Primrose",Not listed in spreadsheet,Herb,Biennial,"Jul , Aug , Sep , Oct",Yellow,Medium,Sun,,0,6,https://www.wildflower.org/plants/result.php?id_plant=OEJA,115
Oenothera lindheimeri,Pink Gaura,Not listed in spreadsheet,Herb,"Perennial Habit: Herb Fruit Type: Capsule , Caryopsis Size Notes: Up to about 5 feet tall.","Apr , May , Jun , Jul","White , Pink",Medium,"Sun , Part Shade",,0,6,https://www.wildflower.org/plants/result.php?id_plant=OELI2,116
Oenothera macrocarpa,"Missouri Primrose, Fluttermills",Onagraceae,Herb,Perennial,"Apr , May , Jun , Jul , Aug",Yellow,Low,Sun,,0,6,https://www.wildflower.org/plants/result.php?id_plant=OEMA,117
Oenothera speciosa,"Pink Evening Primrose, Showy Evening Primrose, Mexican Evening Primrose, Showy Primrose, Pink Ladies, Buttercups, Pink Buttercups",Onagraceae,Herb,Perennial,"Feb , Mar , Apr , May , Jun , Jul","White , Pink","Low , Medium",Sun,,0,6,https://www.wildflower.org/plants/result.php?id_plant=OESP2,118
Onosmodium bejariense var. bejariense,Marbleseed,Not listed in spreadsheet,Herb,Perennial,"Mar , Apr , May","White , Green",Low–Medium,Sun,,0,6,https://www.wildflower.org/plants/result.php?id_plant=ONBEB,119
Opuntia engelmannii,Prickly Pear 'Englemann's',Not listed in spreadsheet,Succulent,Perennial,"Apr , May , Jun",Yellow,Low,Sun,,0,6,https://www.wildflower.org/plants/result.php?id_plant=OPEN3,239
Packera obovata,"Golden Groundsel, Roundleaf Groundsel, Roundleaf Ragwort",Not listed in spreadsheet,Herb,Perennial,"Feb , Mar , Apr , May , Jun",Yellow,"Low , Medium","Part Shade , Shade",,0,6,https://www.wildflower.org/plants/result.php?id_plant=PAOB6,120
Panicum virgatum,"Switchgrass, Wand Panic Grass",Not listed in spreadsheet,Grass,Perennial,"Aug , Sep , Oct , Nov","Green , Brown",Medium,"Sun , Part Shade",,3,8,https://www.wildflower.org/plants/result.php?id_plant=PAVI2,25
Parkinsonia aculeata,Retama,Fabaceae,Tree,Perennial,"Apr , May , Jun , Jul , Aug","Orange , Yellow","Low , Medium",Sun,Medium,0,6,https://www.wildflower.org/plants/result.php?id_plant=PAAC3,267
Parthenocissus quinquefolia,Virginia Creeper,Vitaceae,Vine,"Perennial Habit: Vine Leaf Retention: Deciduous Leaf Complexity: Palmate Leaf Margin: Dentate Fruit Type: Berry , Caryopsis Size Notes: Stems climbing or scrambling, up to about 40 feet long. Leaf: Green Autumn Foliage: yes Fruit: Black, Blue","May , Jun","White , Green",Low,"Sun , Part Shade , Shade",,5,7,https://www.wildflower.org/plants/result.php?id_plant=PAQU2,308
Passiflora affinis,"Yellow Passionflower, Bracted Passionflower",Passifloraceae,Vine,Perennial,"Jun , Jul , Aug","Yellow , Green",Low,"Sun , Part Shade",,1,7,https://www.wildflower.org/plants/result.php?id_plant=PAAF,309
Passiflora foetida,"Corona De Cristo, Fetid Passionflower",Not listed in spreadsheet,Vine,Perennial,"May , Jun , Jul , Aug , Sep , Oct","Yellow , Green , Purple",Medium,"Sun , Part Shade",,1,7,https://www.wildflower.org/plants/result.php?id_plant=PAFO2,310
Passiflora tenuiloba,"Slenderlobe Passionflower, Birdwing Passionflower",Passifloraceae,Vine,Perennial,"Apr , May , Jun , Jul , Aug , Sep , Oct",Green,Low,Part Shade,,1,7,https://www.wildflower.org/plants/result.php?id_plant=PATE9,311
Pavonia lasiopetala,"Rock Rose, Rose Pavonia, Rose Mallow, Pavonia",Malvaceae,Shrub,Perennial,"Apr , May , Jun , Jul , Aug , Sep , Oct , Nov","Pink , Yellow",Low,"Sun , Part Shade",High,0,6,https://www.wildflower.org/plants/result.php?id_plant=PALA13,202
Penstemon baccharifolius,"Rock Penstemon, Rock Beardtongue, Cut-leaf Penstemon, Cut-leaf Beardtongue, Baccharis-leaf Penstemon, Baccharis-leaf Beardtongue",Not listed in spreadsheet,Subshrub,Perennial,"Apr , May , Jun , Jul , Aug , Sep , Oct",Red,Low,"Sun , Part Shade",,0,6,https://www.wildflower.org/plants/result.php?id_plant=PEBA,227
Penstemon cobaea,"Prairie Penstemon, Prairie Beardtongue, Foxglove Penstemon, Foxglove Beardtongue, False Foxglove, Large-flowered Penstemon, Large-flowered Beardtongue, Cobaea Penstemon, Cobaea Beardtongue, Wild Foxglove",Plantaginaceae,Herb,Perennial,"Apr , May","White , Pink",Medium,"Sun , Part Shade",,2,7,https://www.wildflower.org/plants/result.php?id_plant=PECO4,121
Penstemon triflorus,"Hill Country Penstemon, Hill Country Beardtongue, Scarlet Penstemon, Scarlet Beardtongue, Heller's Penstemon, Heller's Beardtongue",Not listed in spreadsheet,Herb,Perennial,"Apr , May","Red , Pink",Low,Sun,,0,6,https://www.wildflower.org/plants/result.php?id_plant=PETR2,122
Perityle lindheimeri,"Rocky Daisy, Lindheimer's rock daisy",Not listed in spreadsheet,Subshrub,Perennial,"Mar , Apr , May , Jun , Jul , Aug , Sep , Oct , Nov",Yellow,"Low, Dry-Moist","Sun, Part Shade",,0,6,https://www.wildflower.org/plants/result.php?id_plant=PELI3,228
Phacelia congesta,"Caterpillars, Blue Curls, Fiddleneck",Boraginaceae,Herb,"Annual , Biennial","Mar , Apr , May","Blue , Purple",Medium,"Sun , Part Shade",,0,6,https://www.wildflower.org/plants/result.php?id_plant=PHCO2,123
Philadelphus texensis,Texas Mock Orange,Not listed in spreadsheet,Shrub,Perennial,"Mar , Apr , May",White,Low,Part Shade,,0,3,https://www.wildflower.org/plants/result.php?id_plant=PHTE3,203
Phlox drummondii,"Annual Phlox, Drummond Phlox, Pride-of-Texas, Texas Pride",Polemoniaceae,Herb,Annual,"Mar , Apr , May , Jun","White , Red , Pink , Purple",Low,"Sun , Part Shade",,0,6,https://www.wildflower.org/plants/result.php?id_plant=PHDR,124
Phlox pilosa,"Downy Phlox, Prairie Phlox, Fragrant Phlox",Not listed in spreadsheet,Herb,Perennial,"Mar , Apr , May","White , Pink , Purple",Low,"Sun , Part Shade",,0,6,https://www.wildflower.org/plants/result.php?id_plant=PHPI,125
Phyla nodiflora,"Texas Frogfruit, Turkey Tangle Fogfruit, Frogfruit",Verbenaceae,Herb,"Perennial Habit: Herb Leaf Retention: Semi-evergreen Fruit Type: Caryopsis , Schizocarp Size Notes: Up to about 6 inches tall. Leaf: Green, with reddish or purplish tinge in cold winters. Fruit: Separates into 2 nutlets.","May , Jun , Jul , Aug , Sep , Oct , Nov","White , Red , Pink","Low , Medium","Sun , Part Shade",,5,8,https://www.wildflower.org/plants/result.php?id_plant=PHNO2,126
Physostegia angustifolia,Spring Obedient / Flase Dragon Head,Not listed in spreadsheet,Herb,Perennial,"Jun , Jul , Aug , Sep",Pink,Moist,Full Sun to Part Shade,,0,6,https://www.wildflower.org/plants/result.php?id_plant=PHAN6,127
Physostegia correllii,Correll's False Dragonhead,Not listed in spreadsheet,Herb,Perennial,"Jun , Jul , Aug , Sep",Purple,Wet,"Sun, Part Shade",,0,4,https://www.wildflower.org/plants/result.php?id_plant=PHCO17,128
Physostegia virginiana,"Fall Obedient Plant, False Dragonhead, Virginia Lions-heart",Not listed in spreadsheet,Herb,Perennial,"Aug , Sep , Oct , Nov","White , Pink , Purple",Medium–Wet,"Sun , Part Shade , Shade",,0,6,https://www.wildflower.org/plants/result.php?id_plant=PHVI8,129
Platanus occidentalis,"American Sycamore, Eastern Sycamore, American Plane Tree, Plane Tree, Buttonwood, Buttonball Tree",Platanaceae,Tree,Perennial,"Mar , Apr","Red , Yellow , Green , Brown",High,"Sun , Part Shade , Shade",,0,6,https://www.wildflower.org/plants/result.php?id_plant=PLOC,268
Plectocephalus americanus,American Basket-flower,Asteraceae,Herb,Annual,"May , Jun","White , Pink",Low,"Sun , Part Shade",,0,6,https://www.wildflower.org/plants/result.php?id_plant=PLAM3,318
Pluchea odorata,"Sweetscent, Saltmarsh Fleabane",Not listed in spreadsheet,Herb,Annual,"Jul , Aug , Sep , Oct","Pink , Purple",Medium–Wet,"Sun , Part Shade , Shade",,0,6,https://www.wildflower.org/plants/result.php?id_plant=PLOD,130
Poa arachnifera,"Texas Bluegrass, Texas Blue Grass",Not listed in spreadsheet,Grass,Perennial,"Mar , Apr , May","White , Green , Brown",Medium,"Sun , Part Shade",,0,6,https://www.wildflower.org/plants/result.php?id_plant=POAR,26
Pontederia cordata,"Pickerelweed, Pickerel Rush",Pontederiaceae,Herb,Perennial,"Jun , Jul , Aug , Sep","White , Blue , Purple",High,"Sun , Part Shade",,0,6,https://www.wildflower.org/plants/result.php?id_plant=POCO14,131
Populus deltoides,"Eastern Cottonwood, Carolina Poplar, Necklace Poplar, Alamo",Salicaceae,Tree,Perennial,"Feb , Mar , Apr",Yellow,High,"Sun , Part Shade , Shade",High,4,8,https://www.wildflower.org/plants/result.php?id_plant=PODE3,269
Prunus angustifolia,"Chickasaw Plum, Sandhill Plum",Not listed in spreadsheet,"Shrub, Tree",Perennial,"Feb , Mar , Apr , May",White,"Low , Medium","Sun , Part Shade",,0,6,https://www.wildflower.org/plants/result.php?id_plant=PRAN3,217
Prunus caroliniana,"Carolina Cherry-laurel, Cherry-laurel, Laurel Cherry, Carolina Laurel Cherry",Not listed in spreadsheet,Tree,Perennial,"Feb , Mar , Apr",White,Medium,"Sun , Part Shade",,0,6,https://www.wildflower.org/plants/result.php?id_plant=PRCA,270
Prunus mexicana,"Mexican Plum, Bigtree Plum, Inch Plum",Rosaceae,Tree,Perennial,"Feb , Mar , Apr","White , Pink",Low,"Sun , Part Shade",,2,6,https://www.wildflower.org/plants/result.php?id_plant=PRME,271
Prunus serotina,"Black Cherry, Wild Black Cherry, Rum Cherry",Rosaceae,Tree,Perennial,"Mar , Apr , May , Jun",White,Medium,"Sun , Part Shade , Shade",,14,10,https://www.wildflower.org/plants/result.php?id_plant=PRSE2,272
Prunus serotina var. eximia,Escarpment Cherry,Not listed in spreadsheet,Tree,Perennial,"Mar , Apr",White,"Low , Medium","Sun , Part Shade",Medium,8,6,https://www.wildflower.org/plants/result.php?id_plant=PRSEE,273
Ptelea trifoliata,"Wafer Ash, Common Hoptree, Hop Tree",Rutaceae,Tree,Perennial,"Mar , Apr , May , Jun , Jul","White , Green , Brown","Low , Medium , High","Sun , Part Shade , Shade",,3,8,https://www.wildflower.org/plants/result.php?id_plant=PTTR,274
Quercus buckleyi,"Texas Red Oak, Buckley Oak, Texas Oak, Spanish Oak, Spotted Oak, Rock Oak",Not listed in spreadsheet,Tree,Perennial,"Mar , Apr , May , Jun","White , Red , Green",Low,"Sun , Part Shade",,0,6,https://www.wildflower.org/plants/result.php?id_plant=QUBU2,275
Quercus fusiformis,"Escarpment Live Oak, Plateau Live Oak, Hill Country Live Oak, Texas Live Oak, Scrub Live Oak, Plateau Oak, Encino Molino, Tesmoli",Fagaceae,Tree,Perennial,"Mar , Apr , May",Yellow,Low,"Sun , Part Shade",High,2,7,https://www.wildflower.org/plants/result.php?id_plant=QUFU,276
Quercus laceyi,"Lacey Oak, Texas Blue Oak, Canyon Oak, Smoky Oak, Rock Oak",Not listed in spreadsheet,Tree,Perennial,"Mar , Apr , May",Yellow,Low,"Sun , Part Shade",,0,6,https://www.wildflower.org/plants/result.php?id_plant=QULA,277
Quercus macrocarpa,"Bur Oak, Burr Oak, Savanna Oak, Overcup Oak, Prairie Oak, Mossy-cup Oak, Mossy-overcup Oak, Blue Oak",Fagaceae,Tree,Perennial,"Mar , Apr , May","Yellow , Green , Brown",Medium,"Sun , Part Shade , Shade",,2,6,https://www.wildflower.org/plants/result.php?id_plant=QUMA2,278
Quercus marilandica,"Blackjack Oak, Barren Oak, Black Oak, Jack Oak",Fagaceae,Tree,Perennial,"Mar , Apr , May","White , Red , Green",Low,Part Shade,,3,7,https://www.wildflower.org/plants/result.php?id_plant=QUMA3,279
Quercus muehlenbergii,Chinquapin Oak,Fagaceae,Tree,Perennial,"Mar , Apr , May","Yellow , Green , Brown",Medium,"Sun , Part Shade",,1,7,https://www.wildflower.org/plants/result.php?id_plant=QUMU,280
Quercus shumardii,"Shumard Oak, Shumard's Oak, Shumard Red Oak, Southern Red Oak, Swamp Red Oak, Spotted Oak",Not listed in spreadsheet,Tree,Perennial,"Mar , Apr , May","White , Green",Medium,"Sun , Part Shade",,1,6,https://www.wildflower.org/plants/result.php?id_plant=QUSH,281
Quercus virginiana,"Coastal Live Oak, Southern Live Oak, Virginia Live Oak, Live Oak, Encino",Not listed in spreadsheet,Tree,Perennial,"Mar , Apr , May",Yellow,Medium,"Sun , Part Shade",,5,8,https://www.wildflower.org/plants/result.php?id_plant=QUVI,282
Ranunculus macranthus,Large Buttercup,Not listed in spreadsheet,Herb,Perennial,"Mar , Apr",Yellow,Medium,Sun,,0,6,https://www.wildflower.org/plants/result.php?id_plant=RAMA3,132
Ratibida columnifera,"Mexican Hat, Red-spike Mexican Hat, Upright Prairie Coneflower, Prairie Coneflower, Long-headed Coneflower, Thimbleflower",Asteraceae,Herb,Perennial,"May , Jun , Jul , Aug , Sep , Oct","Orange , Yellow , Brown",Medium,Sun,High,0,6,https://www.wildflower.org/plants/result.php?id_plant=RACO3,133
Rhus aromatica,"Fragrant Sumac, Aromatic Sumac, Lemon Sumac, Polecat Bush",Anacardiaceae,Shrub,Perennial,"Apr , May , Jun",Yellow,Low,"Sun , Part Shade , Shade",,3,8,https://www.wildflower.org/plants/result.php?id_plant=RHAR4,204
Rhus lanceolata,"Prairie Flameleaf Sumac, Flameleaf Sumac, Prairie Sumac, Lance-leaf Sumac, Lance-leaved Sumac, Texas Sumac, Tree Sumac, Limestone Sumac, Prairie Shining Sumac",Anacardiaceae,"Shrub, Tree",Perennial,"Jul , Aug","White , Yellow , Green","Low , Medium",Sun,High,3,8,https://www.wildflower.org/plants/result.php?id_plant=RHLA3,218
Rhus microphylla,Littleleaf Sumac,Not listed in spreadsheet,Shrub,Perennial,"Mar , Apr , May","White , Green",Low,Part Shade,,0,6,https://www.wildflower.org/plants/result.php?id_plant=RHMI3,205
Rhus virens,"Evergreen Sumac, Tobacco Sumac, Lambrisco, Lentrisco",Not listed in spreadsheet,Shrub,Perennial,"Jul , Aug","White , Yellow",Low,"Sun , Part Shade",High,0,6,https://www.wildflower.org/plants/result.php?id_plant=RHVI3,206
Rhynchospora colorata,"Whitetop Sedge, White-topped Sedge, Starrush Whitetop, Star Sedge, Star Rush",Cyperaceae,Herb,Perennial,"Jun , Jul , Aug",White,Medium,"Sun , Part Shade",,0,6,https://www.wildflower.org/plants/result.php?id_plant=RHCO7,134
Rivina humilis,"Pigeonberry, Rouge Plant, Baby-peppers, Bloodberry",Petiveriaceae,"Herb, Subshrub",Perennial,"Mar , Apr , May , Jun , Jul , Aug , Sep , Oct","White , Pink",Medium,Part Shade,,0,6,https://www.wildflower.org/plants/result.php?id_plant=RIHU2,175
Rudbeckia hirta,"Black-eyed Susan, Common Black-eyed Susan, Brown-eyed Susan, Blackeyed Susan",Asteraceae,Herb,"Annual , Perennial , Biennial","Jun , Jul , Aug , Sep , Oct",Yellow,Medium,Sun,High,4,8,https://www.wildflower.org/plants/result.php?id_plant=RUHI2,135
Ruellia humilis,Prairie Petunia,Acanthaceae,Herb,Perennial,"May , Jun , Jul , Aug , Sep",Purple,Low,Part Shade,,1,6,https://www.wildflower.org/plants/result.php?id_plant=RUHU,136
Ruellia nudiflora,"Violet Ruellia, Common Wild Petunia, Violet Wild Petunia, Wild Petunia, Hierba De La Calentura",Acanthaceae,Herb,Perennial,"Apr , May , Jun , Jul , Aug , Sep , Oct",Purple,"Low , Medium","Sun , Part Shade , Shade",,9,10,https://www.wildflower.org/plants/result.php?id_plant=RUNU,137
Sabal mexicana,Texas Palmetto,Not listed in spreadsheet,Tree,Perennial,"Mar , Apr , May",White,"Low , Medium","Sun , Part Shade",,0,6,https://www.wildflower.org/plants/result.php?id_plant=SAME8,283
Sabal minor,"Dwarf Palmetto, Bush Palmetto, Palmetto",Arecaceae,Tree,Perennial,"May , Jun",White,Medium,"Sun , Part Shade , Shade",,0,6,https://www.wildflower.org/plants/result.php?id_plant=SAMI8,284
Sagittaria lancifolia,Lanceleaf Arrowhead,Not listed in spreadsheet,Herb,Perennial,"Jun , Jul , Aug",White,High,Sun,,0,6,https://www.wildflower.org/plants/result.php?id_plant=SALA,138
Sagittaria platyphylla,Delta Arrowhead,Not listed in spreadsheet,Herb,Perennial,Jun,White,High,Part Shade,,0,6,https://www.wildflower.org/plants/result.php?id_plant=SAPL,139
Salix nigra,"Black Willow, Gulf Black Willow, Swamp Willow, Sauz",Salicaceae,Tree,Perennial,"Feb , Mar , Apr , May , Jun , Jul",Yellow,High,"Sun , Part Shade , Shade",,7,9,https://www.wildflower.org/plants/result.php?id_plant=SANI,285
Salvia azurea,"Pitcher Sage, Blue Sage",Lamiaceae,Herb,Perennial,"Sep , Oct , Nov","White , Blue",Low,Part Shade,,0,6,https://www.wildflower.org/plants/result.php?id_plant=SAAZ,140
Salvia ballotiflora,Shrubby Blue Sage,Not listed in spreadsheet,Subshrub,Perennial,"May , Jun , Jul","White , Blue , Purple",Low,"Sun , Part Shade",,0,6,https://www.wildflower.org/plants/result.php?id_plant=SABA5,229
Salvia coccinea,"Scarlet Sage, Tropical Sage, Blood Sage, Red Sage, Indian Fire",Lamiaceae,Herb,"Annual , Perennial","Feb , Mar , Apr , May , Jun , Jul , Aug , Sep , Oct","White , Red , Pink",Medium,"Sun , Part Shade , Shade",,0,6,https://www.wildflower.org/plants/result.php?id_plant=SACO5,141
Salvia engelmannii,"Engelmann's Sage, Engelmann's Salvia",Lamiaceae,Herb,Perennial,"Apr , May","Blue , Purple",Low,"Sun , Part Shade",,0,6,https://www.wildflower.org/plants/result.php?id_plant=SAEN2,142
Salvia farinacea,"Mealy Blue Sage, Mealy Sage, Mealycup Sage",Lamiaceae,Herb,Perennial,"Apr , May , Jun , Jul , Aug , Sep , Oct",Blue,Low,Sun,,0,6,https://www.wildflower.org/plants/result.php?id_plant=SAFA2,143
Salvia greggii,"Autumn Sage, Cherry Sage, Gregg Salvia",Not listed in spreadsheet,Subshrub,Perennial,"Mar , Apr , May , Jun , Jul , Aug , Sep , Oct , Nov","White , Red , Pink , Orange , Purple",Low,Sun,High,0,6,https://www.wildflower.org/plants/result.php?id_plant=SAGR4,230
Salvia lyrata,"Lyreleaf Sage, Cancer Weed",Not listed in spreadsheet,Herb,Perennial,"Mar , Apr , May , Jun","White , Blue , Violet","Low , Medium","Sun , Part Shade , Shade",Medium,0,6,https://www.wildflower.org/plants/result.php?id_plant=SALY2,144
Salvia pentstemonoides,Big Red Sage,Not listed in spreadsheet,Herb,Perennial,"Jun , Jul , Aug , Sep , Oct",Red,Medium,"Sun , Part Shade",,0,6,https://www.wildflower.org/plants/result.php?id_plant=SAPE15,145
Salvia roemeriana,Cedar Sage,Lamiaceae,Herb,Perennial,"Mar , Apr , May , Jun , Jul , Aug",Red,Low,Part Shade,,0,6,https://www.wildflower.org/plants/result.php?id_plant=SARO3,146
Salvia texana,"Texas Sage, Blue Sage",Lamiaceae,Herb,Perennial,"Mar , Apr , May","Blue , Purple , Violet",Low,"Sun , Part Shade",High,0,6,https://www.wildflower.org/plants/result.php?id_plant=SATE3,147
Sambucus nigra,Black Elderberry,Not listed in spreadsheet,"Shrub, Tree",Perennial,April–August,,Medium,"Sun, Part Shade",,0,6,https://www.wildflower.org/plants/result.php?id_plant=SANI4,219
Sambucus nigra ssp. canadensis,Common Elderberry,Not listed in spreadsheet,Shrub,Perennial,"May , Jun",White,Medium,Part Shade,,0,6,https://www.wildflower.org/plants/result.php?id_plant=SANIC4,207
Sapindus saponaria var. drummondii,"Wingleaf Soapberry, Soapberry, Wild China Tree",Not listed in spreadsheet,Tree,Perennial,"May , Jun",White,Low,"Sun , Part Shade",High,1,7,https://www.wildflower.org/plants/result.php?id_plant=SASAD,286
Saururus cernuus,"Lizard's Tail, Lizard Tail, Breastweed, Water Dragon",Saururaceae,Herb,Perennial,"Apr , May , Jun , Jul , Aug",White,High,"Part Shade , Shade",,0,6,https://www.wildflower.org/plants/result.php?id_plant=SACE,148
Schizachyrium scoparium,"Little Bluestem, Popotillo Azul",Not listed in spreadsheet,Grass,Perennial,"Jun , Jul , Aug , Sep , Oct , Nov , Dec","White , Green , Brown",Low,"Sun , Part Shade",High,9,10,https://www.wildflower.org/plants/result.php?id_plant=SCSC,27
Scutellaria ovata,"Heartleaf Skullcap, Heart-leaf Skullcap",Lamiaceae,Herb,Perennial,"Apr , May , Jun","Blue , Violet",Medium,"Part Shade , Shade",,0,6,https://www.wildflower.org/plants/result.php?id_plant=SCOV,149
Scutellaria wrightii,"Wright's Skullcap, Bushy Skullcap, Shrubby Skullcap",Not listed in spreadsheet,Herb,Perennial,"Mar , Apr , May , Jun , Jul","Blue , Violet",Low,"Sun , Part Shade",,0,6,https://www.wildflower.org/plants/result.php?id_plant=SCWR2,150
Senegalia greggii,"Gregg Acacia, Gregg's Acacia, Gregg Catclaw Acacia, Gregg's Catclaw Acacia, Gregg Catclaw, Gregg's Catclaw, Texas Catclaw Acacia, Texas Catclaw, Long-flowered Catclaw Acacia, Longflower Catclaw Acacia, Long-flowered Catclaw, Longflower Catclaw, Catclaw Acacia, Catclaw, Devil's Claw, Uña De Gato",Not listed in spreadsheet,"Shrub, Tree",Perennial,"Apr , May , Jun , Jul , Aug , Sep , Oct","White , Yellow",Low,Sun,,0,6,https://www.wildflower.org/plants/result.php?id_plant=SEGR4,220
Senegalia wrightii,"Wright Acacia, Wright's Acacia, Catclaw Acacia, Catclaw",Not listed in spreadsheet,"Shrub, Tree",Perennial,"Mar , Apr , May","White , Yellow",Low,"Sun , Part Shade",High,2,7,https://www.wildflower.org/plants/result.php?id_plant=SEWR4,221
Senna lindheimeriana,"Lindheimer's Senna, Velvet Leaf Senna, Velvetleaf Senna, Velvet-leaf Wild Sensitive-plant, Puppy-dog Ears",Fabaceae,Shrub,Perennial,"Aug , Sep , Oct",Yellow,Low,"Sun , Part Shade",,2,7,https://www.wildflower.org/plants/result.php?id_plant=SELI4,211
Senna roemeriana,"Twoleaf Senna, Two Leaved Senna",Fabaceae,Herb,Perennial,"May , Jun , Jul , Aug , Sep , Oct",Yellow,Low,Part Shade,,1,6,https://www.wildflower.org/plants/result.php?id_plant=SERO8,151
Setaria scheelei,"Southwestern Bristlegrass, Scheele's Bristlegrass, Scheele's Foxtail Grass, Foxtail Grass",Poaceae,Grass,Perennial,"May , Jun , Jul , Aug , Sep , Oct , Nov","White , Green","Low , Medium","Part Shade , Shade",,1,6,https://www.wildflower.org/plants/result.php?id_plant=SESC2,28
Sideroxylon lanuginosum,"Gum Bumelia, Gum Bully, Woollybucket Bumelia, Woolly Bumelia, Gum Woollybucket, Woolly Buckthorn, Chittamwood, Shittamwood, Gum Elastic, Coma, Black Haw",Sapotaceae,Tree,Perennial,"Jun , Jul",White,"Low , Medium","Sun , Part Shade",,0,6,https://www.wildflower.org/plants/result.php?id_plant=SILA20,287
Silphium albiflorum,"White Rosinweed, White-flowered Rosinweed, Compass Plant",Asteraceae,Herb,Perennial,"May , Jun , Jul",White,Low,Sun,,0,6,https://www.wildflower.org/plants/result.php?id_plant=SIAL,152
Simsia calva,Awnless Bushsunflower,Not listed in spreadsheet,Herb,Perennial,"May , Jun , Jul , Aug , Sep , Oct , Nov","Orange , Yellow",,Sun,,0,6,https://www.wildflower.org/plants/result.php?id_plant=SICA7,317
Sisyrinchium angustifolium,"Narrowleaf Blue-eyed Grass, Narrow-leaf Blue-eyed-grass, Bermuda Blue-eyed Grass, Blue-eyed Grass",Not listed in spreadsheet,Herb,Perennial,"Mar , Apr , May , Jun , Jul",Blue,Medium,"Sun , Part Shade",,0,6,https://www.wildflower.org/plants/result.php?id_plant=SIAN3,153
Solanum triquetrum,"Texas Nightshade, Hierba Mora",Solanaceae,Herb,Perennial,"Jan , Feb , Mar , Apr , May , Jun , Jul , Aug , Sep , Oct , Nov , Dec","White , Violet",Medium,"Sun, Part Shade",,0,6,https://www.wildflower.org/plants/result.php?id_plant=SOTR2,154
Solidago altissima,"Tall Goldenrod, Late Goldenrod, Canadian Goldenrod, Canada Goldenrod",Not listed in spreadsheet,Herb,Perennial,"Aug , Sep , Oct , Nov",Yellow,Medium,"Sun , Part Shade",,0,6,https://www.wildflower.org/plants/result.php?id_plant=SOAL6,155
Solidago nemoralis,"Gray Goldenrod, Prairie Goldenrod, Oldfield Goldenrod, Grayleaf Goldenrod, Gray-leaved Goldenrod, Dyersweed Goldenrod, Dwarf Goldenrod, Field Goldenrod",Not listed in spreadsheet,Herb,Perennial,"Jun , Jul , Aug , Sep , Oct",Yellow,Medium,"Sun , Part Shade , Shade",,0,6,https://www.wildflower.org/plants/result.php?id_plant=SONE,156
Sorghastrum nutans,"Indiangrass, Yellow Indiangrass, Indian Grass",Not listed in spreadsheet,Grass,Perennial,"Aug , Sep , Oct",Yellow,Medium,"Sun , Part Shade , Shade",High,2,7,https://www.wildflower.org/plants/result.php?id_plant=SONU2,29
Styphnolobium affine,"Eve's Necklace, Eve's Necklacepod, Texas Sophora, Pink Sophora, Necklace Tree",Not listed in spreadsheet,Tree,Perennial,"Mar , Apr , May","White , Pink",Low,Part Shade,,0,6,https://www.wildflower.org/plants/result.php?id_plant=STAF4,288
Symphoricarpos orbiculatus,"Coralberry, Indian Currant, Buckbrush",Not listed in spreadsheet,Shrub,Perennial,"Apr , May , Jun , Jul","White , Green","Low , Medium","Part Shade , Shade",,0,6,https://www.wildflower.org/plants/result.php?id_plant=SYOR,208
Symphyotrichum ericoides,"White Heath Aster, Heath Aster",Not listed in spreadsheet,Herb,Perennial,"Aug , Sep , Oct","White , Pink , Yellow , Blue",Low,Sun,High,0,6,https://www.wildflower.org/plants/result.php?id_plant=SYER,157
Symphyotrichum oblongifolium,"Aromatic Aster, Aromatic American Aster, Fall Aster, Wild Blue Aster, Shale Aster",Not listed in spreadsheet,Herb,Perennial,"Sep , Oct , Nov","Purple , Violet",Low,"Sun , Part Shade",,0,6,https://www.wildflower.org/plants/result.php?id_plant=SYOB,158
Symphyotrichum praealtum,Willowleaf Aster,Not listed in spreadsheet,Herb,Perennial,"Oct , Nov",Blue,Medium,"Sun , Part Shade , Shade",,0,6,https://www.wildflower.org/plants/result.php?id_plant=SYPR5,159
Taxodium distichum,"Bald Cypress, Baldcypress, Common Bald Cypress, Southern Bald Cypress, Deciduous Cypress, Southern Cypress, Swamp Cypress, Red Cypress, White Cypress, Yellow Cypress, Gulf Cypress, Tidewater Red Cypress",Cupressaceae,Tree,Perennial,Apr,Purple,Medium,"Sun , Part Shade",,1,7,https://www.wildflower.org/plants/result.php?id_plant=TADI2,289
Tecoma stans,Yellow Bells,Not listed in spreadsheet,Shrub,Perennial,"Apr , May , Jun , Jul , Aug , Sep , Oct , Nov",Yellow,Low,"Sun , Part Shade",High,2,7,https://www.wildflower.org/plants/result.php?id_plant=TEST,209
Tetraneuris scaposa,"Four-nerve Daisy, Hymenoxys, Stemmy Four-nerve Daisy, Yellow Daisy, Bitterweed",Asteraceae,Herb,Perennial,"Jan , Feb , Mar , Apr , May , Jun , Jul , Aug , Sep , Oct , Nov , Dec",Yellow,Low,Part Shade,,0,6,https://www.wildflower.org/plants/result.php?id_plant=TESC2,160
Teucrium canadense,"American Germander, Canada Germander, Canadian Germander, Germander, Hairy Germander, Wood Sage",Lamiaceae,Herb,Perennial,"May , Jun , Jul , Aug","White , Pink",High,Part Shade,,0,6,https://www.wildflower.org/plants/result.php?id_plant=TECA3,161
Teucrium cubense,Small Coastal Germander,Not listed in spreadsheet,Herb,Perennial,"Mar , Apr , May , Jun , Jul , Aug , Sep , Oct",White,Low,Sun,,0,6,https://www.wildflower.org/plants/result.php?id_plant=TECU,162
Thelesperma simplicifolium,"Navajo Tea, Slender greenthread",Asteraceae,Herb,Perennial,"May , Jun , Jul , Aug , Sep",Yellow,Low,Sun,,0,6,https://www.wildflower.org/plants/result.php?id_plant=THSI,163
Tilia americana,"American Basswood, American Linden, Lime Tree, Bee Tree",Not listed in spreadsheet,Tree,Perennial,"Apr , May , Jun , Jul",Yellow,Medium,"Sun , Part Shade , Shade",,0,6,https://www.wildflower.org/plants/result.php?id_plant=TIAM,290
Tinantia anomala,False Dayflower,Commelinaceae,Herb,Annual,"Mar , Apr , May","White , Blue , Purple","Low , Medium",Part Shade,,0,6,https://www.wildflower.org/plants/result.php?id_plant=TIAN,164
Tradescantia gigantea,"Spiderwort, Giant spiderwort",Commelinaceae,Herb,Perennial,"Mar , Apr","White , Pink , Blue , Purple , Violet",Medium,"Sun , Part Shade",,0,6,https://www.wildflower.org/plants/result.php?id_plant=TRGI,165
Tradescantia humilis,Texas Spiderwort,Not listed in spreadsheet,Herb,Perennial,"Mar , Apr , May , Jun",Blue,Low,"Sun, Part Shade",,0,6,https://www.wildflower.org/plants/result.php?id_plant=TRHU,166
Tradescantia occidentalis,"Prairie Spiderwort, Western Spiderwort, Spiderwort",Not listed in spreadsheet,Herb,Perennial,"Jun , Jul","Pink , Purple",Low,"Sun , Part Shade",,0,6,https://www.wildflower.org/plants/result.php?id_plant=TROC,167
Tridens albescens,"White Tridens, White Top",Not listed in spreadsheet,Grass,Perennial,"Mar , Apr , May , Jun , Jul , Aug , Sep , Oct",Green,Medium,Part Shade,,1,6,https://www.wildflower.org/plants/result.php?id_plant=TRAL2,30
Tridens flavus,Purpletop Tridens,Not listed in spreadsheet,Grass,Perennial,"Aug , Sep , Oct , Nov",Purple,Low,Part Shade,,8,10,https://www.wildflower.org/plants/result.php?id_plant=TRFL2,31
Tripsacum dactyloides,"Eastern Gamagrass, Fakahatchee Grass",Poaceae,Grass,Perennial,"Apr , May , Jun",Brown,High,Part Shade,,2,7,https://www.wildflower.org/plants/result.php?id_plant=TRDA3,32
Ulmus americana,"American Elm, White Elm, Soft Elm, Water Elm, Common Elm",Ulmaceae,Tree,Perennial,"Feb , Mar , Apr","Red , Green",High,"Sun , Part Shade",,10,11,https://www.wildflower.org/plants/result.php?id_plant=ULAM,291
Ulmus crassifolia,"Cedar Elm, Fall Elm, Basket Elm, Scrub Elm, Lime Elm, Texas Elm, Southern Rock Elm, Olmo",Ulmaceae,Tree,Perennial,"Jul , Aug , Sep , Oct",Green,Medium,Part Shade,,3,8,https://www.wildflower.org/plants/result.php?id_plant=ULCR,292
Ungnadia speciosa,"Mexican Buckeye, Monilla",Sapindaceae,Tree,Perennial,"Mar , Apr , May , Jun",Pink,Low,"Sun , Part Shade",,1,6,https://www.wildflower.org/plants/result.php?id_plant=UNSP,293
Vachellia farnesiana,"Huisache, Texas Huisache, Sweet Acacia, Perfume Acacia, Mealy Acacia, Mealy Wattle, Cassie",Fabaceae,"Shrub, Tree",Perennial,"Jan , Feb , Mar , Apr","Orange , Yellow",Low,Sun,High,0,6,https://www.wildflower.org/plants/result.php?id_plant=VAFA,222
Verbena xutha,Gulf Vervain,Not listed in spreadsheet,Herb,Perennial,"Mar , Apr , May , Jun , Jul , Aug , Sep , Oct","Blue , Purple",Low,"Sun , Part Shade",,0,6,https://www.wildflower.org/plants/result.php?id_plant=VEXU,168
Verbesina encelioides,"Cowpen Daisy, Golden Crownbeard, Butter Daisy",Asteraceae,Herb,Annual,"Apr , May , Jun , Jul , Aug , Sep , Oct",Yellow,Low,Sun,,0,6,https://www.wildflower.org/plants/result.php?id_plant=VEEN,169
Verbesina virginica,"Frostweed, White Crownbeard, Iceplant, Iceweed, Virginia Crownbeard, Indian Tobacco, Richweed, Squawweed",Asteraceae,Herb,"Perennial , Biennial","Jul , Aug , Sep , Oct , Nov , Dec",White,"Low , Medium","Part Shade , Shade",,0,6,https://www.wildflower.org/plants/result.php?id_plant=VEVI3,170
Vernonia baldwinii,"Western Ironweed, Baldwin's Ironweed, Ironweed",Asteraceae,Herb,Perennial,"Jul , Aug , Sep , Oct , Nov","Pink , Purple",Low,Sun,,0,6,https://www.wildflower.org/plants/result.php?id_plant=VEBA,171
Vernonia lindheimeri,Woolly Ironweed,Not listed in spreadsheet,Herb,Perennial,"Jun , Jul , Aug , Sep","Pink , Purple",Low,Sun,,0,6,https://www.wildflower.org/plants/result.php?id_plant=VELI3,173
Vernonia ×guadalupensis,Guadalupe Ironweed,Not listed in spreadsheet,Herb,Perennial,"Jun , Jul , Aug , Sep , Oct , Nov",Purple,Medium,Sun,,0,6,https://www.wildflower.org/plants/result.php?id_plant=VEGU,172
Viburnum rufidulum,"Rusty Blackhaw Viburnum, Rusty Blackhaw, Southern Blackhaw, Blackhaw, Bluehaw, Downy Viburnum, Southern Nannyberry, Rusty Nannyberry, Nannyberry",Viburnaceae,"Shrub, Tree",Perennial,"Apr , May",White,Low,Part Shade,,0,6,https://www.wildflower.org/plants/result.php?id_plant=VIRU,223
Viguiera dentata,Toothleaf goldeneye,Asteraceae,Shrub,Perennial,"Oct , Nov",Yellow,Medium,Part Shade,,4,8,https://www.wildflower.org/plants/result.php?id_plant=VIDE3,210
Viola missouriensis,Missouri Violet,Not listed in spreadsheet,Herb,"Annual , Perennial","Feb , Mar , Apr","White , Purple",Medium,"Part Shade , Shade",Low,0,6,https://www.wildflower.org/plants/result.php?id_plant=VIMI3,174
Vitis mustangensis,Mustang Grape,Vitaceae,Vine,Perennial,"Apr , May , Jun","White , Red",Medium,Part Shade,,0,6,https://www.wildflower.org/plants/result.php?id_plant=VIMU2,312
Wedelia acapulcensis,Orange Zexmenia,Asteraceae,Subshrub,Perennial,"May , Jun , Jul , Aug , Sep","Orange , Yellow",Low,Sun,,0,5,https://www.wildflower.org/plants/result.php?id_plant=WEAC,231
Wedelia acapulcensis var. hispida,Zexmenia,Not listed in spreadsheet,Subshrub,Perennial,"May , Jun , Jul , Aug , Sep , Oct , Nov","Orange , Yellow",Low,"Sun , Part Shade",,3,6,https://www.wildflower.org/plants/result.php?id_plant=WEACH,232
Yucca constricta,"Buckley Yucca, Buckley's Yucca",Asparagaceae,Succulent,Perennial,"Apr , May , Jun , Jul","White , Green",Low,Sun,,1,6,https://www.wildflower.org/plants/result.php?id_plant=YUCO,240
Yucca rupicola,"Twistleaf Yucca, Twisted-leaf Yucca, Texas Yucca, Spanish Dagger",Asparagaceae,Succulent,Perennial,"Apr , May , Jun","White , Green",Low,"Sun , Part Shade",,1,6,https://www.wildflower.org/plants/result.php?id_plant=YURU,241
Yucca treculeana,"Spanish Dagger, Spanish Bayonet, Don Quixote's Lance, Palma Pita, Palma De Datil, Palmito",Not listed in spreadsheet,"Succulent, Tree",Perennial,"Jan , Feb , Mar , Apr , Dec","White , Red",Medium,Part Shade,,3,6,https://www.wildflower.org/plants/result.php?id_plant=YUTR,242
